curie:ID	:LABEL
syn2343195	Project
syn4939872	Project
syn4939874	Project
syn4939876	Project
syn4939878	Project
syn4939880	Project
syn4939884	Project
syn4939888	Project
syn4939890	Project
syn4939892	Project
syn4939894	Project
syn4939896	Project
syn4939902	Project
syn4939904	Project
syn4939906	Project
syn4939908	Project
syn4939910	Project
syn4939912	Project
syn4939914	Project
syn4939916	Project
syn4939918	Project
syn4984604	Project
syn5562324	Project
syn5610418	Project
syn5698493	Project
syn6633069	Project
syn7217928	Project
syn7217935	Project
syn7217946	Project
syn7231973	Project
syn7239560	Project
syn8012530	Project
syn8012599	Project
syn8016577	Project
syn8016599	Project
syn8016635	Project
syn8016650	Project
syn9727752	Project
syn11374333	Project
syn11374337	Project
syn11374339	Project
syn11374341	Project
syn11374345	Project
syn11374349	Project
syn11374353	Project
syn11374354	Project
syn11374357	Project
syn11638893	Project
syn11672851	Project
syn11681835	Project
syn11817821	Project
syn17098100	Project
syn17100988	Project
syn18904024	Project
syn20608511	Project
syn20613866	Project
syn21355225	Project
syn21452685	Project
syn21641813	Project
syn21641872	Project
syn21641876	Project
syn21641931	Project
syn21641945	Project
syn21641955	Project
syn21641985	Project
syn21642010	Project
syn21642027	Project
syn21650326	Project
syn21650366	Project
syn21650395	Project
syn21650404	Project
syn21650464	Project
syn21650476	Project
syn21650480	Project
syn21650484	Project
syn21650488	Project
syn21650493	Project
syn21650499	Project
syn21984813	Project
syn22266552	Project
syn22266606	Project
syn22267284	Project
syn22267323	Project
syn22267330	Project
syn22268639	Project
syn22268652	Project
syn22268689	Project
syn22392179	Project
syn23532255	Project
syn23532258	Project
syn23532271	Project
syn23532273	Project
syn23639889	Project
syn23651168	Project
syn23651229	Project
syn23662493	Project
syn23664726	Project
syn24875850	Project
syn25881328	Project
syn25961160	Project
syn25999239	Project
syn25999248	Project
syn25999950	Project
syn26238842	Project
syn26238926	Project
syn26238964	Project
syn26241781	Project
syn26347297	Project
syn26383473	Project
syn26410510	Project
syn26438193	Project
syn26585075	Project
syn26957643	Project
syn26966057	Project
syn27114640	Project
syn27261816	Project
syn27261829	Project
syn27261835	Project
syn27261848	Project
syn27761862	Project
syn27762317	Project
syn28545963	Project
syn29525025	Project
syn29772925	Project
syn29866703	Project
syn29867701	Project
syn30264486	Project
syn30283982	Project
syn31619419	Project
syn31748644	Project
syn31821155	Project
syn32128792	Project
syn33791300	Project
syn33820507	Project
syn34624846	Project
syn35627501	Project
syn35630161	Project
syn35632706	Project
syn35634638	Project
syn35636485	Project
syn35637409	Project
syn35638003	Project
syn36191081	Project
syn36360320	Project
syn36361151	Project
syn36362557	Project
syn36362764	Project
syn36363358	Project
syn36364285	Project
syn36366922	Project
syn36367080	Project
syn36501381	Project
syn36501403	Project
syn36501485	Project
syn36528571	Project
syn36528579	Project
syn36528589	Project
syn36530073	Project
syn36530086	Project
syn36530108	Project
syn36530126	Project
syn36530149	Project
syn36530163	Project
syn36544385	Project
syn36544400	Project
syn36544414	Project
syn36544421	Project
syn36544436	Project
syn36544447	Project
syn36544458	Project
syn36544468	Project
syn36544478	Project
syn36544490	Project
syn36544517	Project
syn37860391	Project
syn37861830	Project
syn37872335	Project
syn37889514	Project
syn37889584	Project
syn39800678	Project
syn47857478	Project
syn50315996	Project
syn51115812	Project
syn51116567	Project
syn51116572	Project
syn51116577	Project
syn51117783	Project
syn51133914	Project
syn51133924	Project
syn51133929	Project
syn51133935	Project
syn51133946	Project
syn51133957	Project
syn51133963	Project
syn51204782	Project
syn51207088	Project
syn51218284	Project
syn51227166	Project
syn51298831	Project
syn51301409	Project
syn51315882	Project
syn51333298	Project
syn51356705	Project
syn51356824	Project
syn51356860	Project
syn51360851	Project
syn51364179	Project
syn51471542	Project
syn51658171	Project
syn51664331	Project
syn51730549	Project
syn51907739	Project
syn52369030	Project
syn52396692	Project
syn52396762	Project
syn52399590	Project
syn52399623	Project
syn52676851	Project
syn52677046	Project
syn52740594	Project
syn52781876	Project
syn53072189	Project
syn53128248	Project
syn53130024	Project
syn53181385	Project
syn53183718	Project
syn53183744	Project
syn53185180	Project
syn53192398	Project
syn53213247	Project
syn53335634	Project
syn53405342	Project
syn53604892	Project
syn53651618	Project
syn53974914	Project
syn54166654	Project
syn54168300	Project
syn54308478	Project
syn56373031	Project
syn56417025	Project
syn56419166	Project
syn56420568	Project
syn56421718	Project
syn56566376	Project
syn57442781	Project
syn58211567	Project
syn58577585	Project
syn60057901	Project
syn60244968	Project
syn61249909	Project
syn61259950	Project
syn61391891	Project
syn61696875	Project
syn61718741	Project
syn61721315	Project
syn61777297	Project
syn61777443	Project
syn61778589	Project
syn61783227	Project
syn61831970	Project
syn61848703	Project
syn61915471	Project
syn61931946	Project
syn62012031	Project
syn62012147	Project
syn62026045	Project
syn62026171	Project
syn62031004	Project
syn62031290	Project
syn62626050	Project
syn62660805	Project
syn62665253	Project
syn62809145	Project
syn63102351	Project
syn63298604	Project
syn63543841	Project
syn63596553	Project
syn63944395	Project
syn63992357	Project
syn64126375	Project
syn64156441	Project
syn64500888	Project
syn64696349	Project
syn64765215	Project
syn64829479	Project
syn66527425	Project
syn68080320	Project
syn68622867	Project
syn68622887	Project
syn68622908	Project
syn68623354	Project
syn68634225	Project
syn68638152	Project
syn68638197	Project
syn68638227	Project
syn68638238	Project
syn68638276	Project
syn68638297	Project
syn68698543	Project
syn68747438	Project
syn68749817	Project
syn68805918	Project
syn68872078	Project
syn68872619	Project
syn68876148	Project
syn69071607	Project
syn69707917	Project
syn69715258	Project
syn69715590	Project
syn69981762	Project
syn2343195:Wiki	Wiki
syn4939872:Wiki	Wiki
syn4939874:Wiki	Wiki
syn4939876:Wiki	Wiki
syn4939878:Wiki	Wiki
syn4939880:Wiki	Wiki
syn4939884:Wiki	Wiki
syn4939888:Wiki	Wiki
syn4939890:Wiki	Wiki
syn4939892:Wiki	Wiki
syn4939894:Wiki	Wiki
syn4939896:Wiki	Wiki
syn4939902:Wiki	Wiki
syn4939904:Wiki	Wiki
syn4939906:Wiki	Wiki
syn4939908:Wiki	Wiki
syn4939910:Wiki	Wiki
syn4939912:Wiki	Wiki
syn4939914:Wiki	Wiki
syn4939916:Wiki	Wiki
syn4939918:Wiki	Wiki
syn4984604:Wiki	Wiki
syn5562324:Wiki	Wiki
syn5610418:Wiki	Wiki
syn5698493:Wiki	Wiki
syn6633069:Wiki	Wiki
syn7217928:Wiki	Wiki
syn7217935:Wiki	Wiki
syn7217946:Wiki	Wiki
syn7231973:Wiki	Wiki
syn7239560:Wiki	Wiki
syn8012530:Wiki	Wiki
syn8012599:Wiki	Wiki
syn8016577:Wiki	Wiki
syn8016599:Wiki	Wiki
syn8016635:Wiki	Wiki
syn8016650:Wiki	Wiki
syn9727752:Wiki	Wiki
syn11374333:Wiki	Wiki
syn11374337:Wiki	Wiki
syn11374339:Wiki	Wiki
syn11374341:Wiki	Wiki
syn11374345:Wiki	Wiki
syn11374349:Wiki	Wiki
syn11374353:Wiki	Wiki
syn11374354:Wiki	Wiki
syn11374357:Wiki	Wiki
syn11638893:Wiki	Wiki
syn11672851:Wiki	Wiki
syn11681835:Wiki	Wiki
syn11817821:Wiki	Wiki
syn17098100:Wiki	Wiki
syn17100988:Wiki	Wiki
syn18904024:Wiki	Wiki
syn20608511:Wiki	Wiki
syn20613866:Wiki	Wiki
syn21355225:Wiki	Wiki
syn21452685:Wiki	Wiki
syn21641813:Wiki	Wiki
syn21641872:Wiki	Wiki
syn21641876:Wiki	Wiki
syn21641931:Wiki	Wiki
syn21641945:Wiki	Wiki
syn21641955:Wiki	Wiki
syn21641985:Wiki	Wiki
syn21642010:Wiki	Wiki
syn21642027:Wiki	Wiki
syn21650326:Wiki	Wiki
syn21650366:Wiki	Wiki
syn21650395:Wiki	Wiki
syn21650404:Wiki	Wiki
syn21650464:Wiki	Wiki
syn21650476:Wiki	Wiki
syn21650480:Wiki	Wiki
syn21650484:Wiki	Wiki
syn21650488:Wiki	Wiki
syn21650493:Wiki	Wiki
syn21650499:Wiki	Wiki
syn21984813:Wiki	Wiki
syn22266552:Wiki	Wiki
syn22266606:Wiki	Wiki
syn22267284:Wiki	Wiki
syn22267323:Wiki	Wiki
syn22267330:Wiki	Wiki
syn22268639:Wiki	Wiki
syn22268652:Wiki	Wiki
syn22268689:Wiki	Wiki
syn22392179:Wiki	Wiki
syn23532255:Wiki	Wiki
syn23532258:Wiki	Wiki
syn23532271:Wiki	Wiki
syn23532273:Wiki	Wiki
syn23639889:Wiki	Wiki
syn23651168:Wiki	Wiki
syn23651229:Wiki	Wiki
syn23662493:Wiki	Wiki
syn23664726:Wiki	Wiki
syn24875850:Wiki	Wiki
syn25881328:Wiki	Wiki
syn25961160:Wiki	Wiki
syn25999239:Wiki	Wiki
syn25999248:Wiki	Wiki
syn25999950:Wiki	Wiki
syn26238842:Wiki	Wiki
syn26238926:Wiki	Wiki
syn26238964:Wiki	Wiki
syn26241781:Wiki	Wiki
syn26347297:Wiki	Wiki
syn26383473:Wiki	Wiki
syn26410510:Wiki	Wiki
syn26438193:Wiki	Wiki
syn26585075:Wiki	Wiki
syn26957643:Wiki	Wiki
syn26966057:Wiki	Wiki
syn27114640:Wiki	Wiki
syn27261816:Wiki	Wiki
syn27261829:Wiki	Wiki
syn27261835:Wiki	Wiki
syn27261848:Wiki	Wiki
syn27761862:Wiki	Wiki
syn27762317:Wiki	Wiki
syn28545963:Wiki	Wiki
syn29525025:Wiki	Wiki
syn29772925:Wiki	Wiki
syn29866703:Wiki	Wiki
syn29867701:Wiki	Wiki
syn30264486:Wiki	Wiki
syn30283982:Wiki	Wiki
syn31619419:Wiki	Wiki
syn31748644:Wiki	Wiki
syn31821155:Wiki	Wiki
syn32128792:Wiki	Wiki
syn33791300:Wiki	Wiki
syn33820507:Wiki	Wiki
syn34624846:Wiki	Wiki
syn35627501:Wiki	Wiki
syn35630161:Wiki	Wiki
syn35632706:Wiki	Wiki
syn35634638:Wiki	Wiki
syn35636485:Wiki	Wiki
syn35637409:Wiki	Wiki
syn35638003:Wiki	Wiki
syn36191081:Wiki	Wiki
syn36360320:Wiki	Wiki
syn36361151:Wiki	Wiki
syn36362557:Wiki	Wiki
syn36362764:Wiki	Wiki
syn36363358:Wiki	Wiki
syn36364285:Wiki	Wiki
syn36366922:Wiki	Wiki
syn36367080:Wiki	Wiki
syn36501381:Wiki	Wiki
syn36501403:Wiki	Wiki
syn36501485:Wiki	Wiki
syn36528571:Wiki	Wiki
syn36528579:Wiki	Wiki
syn36528589:Wiki	Wiki
syn36530073:Wiki	Wiki
syn36530086:Wiki	Wiki
syn36530108:Wiki	Wiki
syn36530126:Wiki	Wiki
syn36530149:Wiki	Wiki
syn36530163:Wiki	Wiki
syn36544385:Wiki	Wiki
syn36544400:Wiki	Wiki
syn36544414:Wiki	Wiki
syn36544421:Wiki	Wiki
syn36544436:Wiki	Wiki
syn36544447:Wiki	Wiki
syn36544458:Wiki	Wiki
syn36544468:Wiki	Wiki
syn36544478:Wiki	Wiki
syn36544490:Wiki	Wiki
syn36544517:Wiki	Wiki
syn37860391:Wiki	Wiki
syn37861830:Wiki	Wiki
syn37872335:Wiki	Wiki
syn37889514:Wiki	Wiki
syn37889584:Wiki	Wiki
syn39800678:Wiki	Wiki
syn47857478:Wiki	Wiki
syn50315996:Wiki	Wiki
syn51115812:Wiki	Wiki
syn51116567:Wiki	Wiki
syn51116572:Wiki	Wiki
syn51116577:Wiki	Wiki
syn51117783:Wiki	Wiki
syn51133914:Wiki	Wiki
syn51133924:Wiki	Wiki
syn51133929:Wiki	Wiki
syn51133935:Wiki	Wiki
syn51133946:Wiki	Wiki
syn51133957:Wiki	Wiki
syn51133963:Wiki	Wiki
syn51204782:Wiki	Wiki
syn51207088:Wiki	Wiki
syn51218284:Wiki	Wiki
syn51227166:Wiki	Wiki
syn51298831:Wiki	Wiki
syn51301409:Wiki	Wiki
syn51315882:Wiki	Wiki
syn51333298:Wiki	Wiki
syn51356705:Wiki	Wiki
syn51356824:Wiki	Wiki
syn51356860:Wiki	Wiki
syn51360851:Wiki	Wiki
syn51364179:Wiki	Wiki
syn51471542:Wiki	Wiki
syn51658171:Wiki	Wiki
syn51664331:Wiki	Wiki
syn51730549:Wiki	Wiki
syn51907739:Wiki	Wiki
syn52369030:Wiki	Wiki
syn52396692:Wiki	Wiki
syn52396762:Wiki	Wiki
syn52399590:Wiki	Wiki
syn52399623:Wiki	Wiki
syn52676851:Wiki	Wiki
syn52677046:Wiki	Wiki
syn52740594:Wiki	Wiki
syn52781876:Wiki	Wiki
syn53072189:Wiki	Wiki
syn53128248:Wiki	Wiki
syn53130024:Wiki	Wiki
syn53181385:Wiki	Wiki
syn53183718:Wiki	Wiki
syn53183744:Wiki	Wiki
syn53185180:Wiki	Wiki
syn53192398:Wiki	Wiki
syn53213247:Wiki	Wiki
syn53335634:Wiki	Wiki
syn53405342:Wiki	Wiki
syn53604892:Wiki	Wiki
syn53651618:Wiki	Wiki
syn53974914:Wiki	Wiki
syn54166654:Wiki	Wiki
syn54168300:Wiki	Wiki
syn54308478:Wiki	Wiki
syn56373031:Wiki	Wiki
syn56417025:Wiki	Wiki
syn56419166:Wiki	Wiki
syn56420568:Wiki	Wiki
syn56421718:Wiki	Wiki
syn56566376:Wiki	Wiki
syn57442781:Wiki	Wiki
syn58211567:Wiki	Wiki
syn58577585:Wiki	Wiki
syn60057901:Wiki	Wiki
syn60244968:Wiki	Wiki
syn61249909:Wiki	Wiki
syn61259950:Wiki	Wiki
syn61391891:Wiki	Wiki
syn61696875:Wiki	Wiki
syn61718741:Wiki	Wiki
syn61721315:Wiki	Wiki
syn61777297:Wiki	Wiki
syn61777443:Wiki	Wiki
syn61778589:Wiki	Wiki
syn61783227:Wiki	Wiki
syn61831970:Wiki	Wiki
syn61848703:Wiki	Wiki
syn61915471:Wiki	Wiki
syn61931946:Wiki	Wiki
syn62012031:Wiki	Wiki
syn62012147:Wiki	Wiki
syn62026045:Wiki	Wiki
syn62026171:Wiki	Wiki
syn62031004:Wiki	Wiki
syn62031290:Wiki	Wiki
syn62626050:Wiki	Wiki
syn62660805:Wiki	Wiki
syn62665253:Wiki	Wiki
syn62809145:Wiki	Wiki
syn63102351:Wiki	Wiki
syn63298604:Wiki	Wiki
syn63543841:Wiki	Wiki
syn63596553:Wiki	Wiki
syn63944395:Wiki	Wiki
syn63992357:Wiki	Wiki
syn64126375:Wiki	Wiki
syn64156441:Wiki	Wiki
syn64500888:Wiki	Wiki
syn64696349:Wiki	Wiki
syn64765215:Wiki	Wiki
syn64829479:Wiki	Wiki
syn66527425:Wiki	Wiki
syn68080320:Wiki	Wiki
syn68622867:Wiki	Wiki
syn68622887:Wiki	Wiki
syn68622908:Wiki	Wiki
syn68623354:Wiki	Wiki
syn68634225:Wiki	Wiki
syn68638152:Wiki	Wiki
syn68638197:Wiki	Wiki
syn68638227:Wiki	Wiki
syn68638238:Wiki	Wiki
syn68638276:Wiki	Wiki
syn68638297:Wiki	Wiki
syn68698543:Wiki	Wiki
syn68747438:Wiki	Wiki
syn68749817:Wiki	Wiki
syn68805918:Wiki	Wiki
syn68872078:Wiki	Wiki
syn68872619:Wiki	Wiki
syn68876148:Wiki	Wiki
syn69071607:Wiki	Wiki
syn69707917:Wiki	Wiki
syn69715258:Wiki	Wiki
syn69715590:Wiki	Wiki
syn69981762:Wiki	Wiki
