curie:ID	name	tool_type	iri	:LABEL
Hras (NM_008284) Mouse Tagged ORF Clone	Hras (NM_008284) Mouse Tagged ORF Clone	Genetic Reagent		tool
rrid:CVCL_6117	SK-MEL-232	Cell Line	https://bioregistry.io/rrid:CVCL_6117	tool
rrid:CVCL_6140	SK-MEL-276	Cell Line	https://bioregistry.io/rrid:CVCL_6140	tool
rrid:CVCL_BU82	GM22608	Cell Line	https://bioregistry.io/rrid:CVCL_BU82	tool
Rabbit Anti-Neurofibromin Antibody	Rabbit Anti-Neurofibromin Antibody	Antibody		tool
HEK293 NF1 -/- with R1306X mNf1 cDNA	HEK293 NF1 -/- with R1306X mNf1 cDNA	Cell Line		tool
rrid:CVCL_1T97	SK-MEL-481	Cell Line	https://bioregistry.io/rrid:CVCL_1T97	tool
rrid:CVCL_EI22	YUPAC7	Cell Line	https://bioregistry.io/rrid:CVCL_EI22	tool
Krox20;Nf1flox/-	Krox20;Nf1flox/-	Animal Model		tool
rrid:AB_2476135	Anti-NF1 monoclonal antibody	Antibody	https://bioregistry.io/rrid:AB_2476135	tool
rrid:CVCL_1T61	SK-MEL-332	Cell Line	https://bioregistry.io/rrid:CVCL_1T61	tool
rrid:CVCL_8718	HS-Sch-2	Cell Line	https://bioregistry.io/rrid:CVCL_8718	tool
Nf1+/ex42del pig	Nf1+/ex42del pig	Animal Model		tool
rrid:CVCL_B9VC	icNF04.9a	Cell Line	https://bioregistry.io/rrid:CVCL_B9VC	tool
rrid:AB_2331385	NF1 Antibody	Antibody	https://bioregistry.io/rrid:AB_2331385	tool
JH-2-009	JH-2-009	Cell Line		tool
Anti-NF1/Gold	Anti-NF1/Gold	Antibody		tool
rrid:CVCL_1633	Panc 02.03	Cell Line	https://bioregistry.io/rrid:CVCL_1633	tool
rrid:IMSR_JAX:002646	B6.129S6-Nf1tm1Fcr/J	Animal Model	https://bioregistry.io/rrid:IMSR_JAX:002646	tool
rrid:CVCL_D3CB	icNF99.1	Cell Line	https://bioregistry.io/rrid:CVCL_D3CB	tool
rrid:CVCL_1T65	SK-MEL-398	Cell Line	https://bioregistry.io/rrid:CVCL_1T65	tool
rrid:CVCL_9Z95	GM09689	Cell Line	https://bioregistry.io/rrid:CVCL_9Z95	tool
rrid:AB_11181417	Monoclonal Mouse anti-Human Neurofibromin / NF1 Antibody (clone McNFn27a, DY550, N-Terminus, WB)	Antibody	https://bioregistry.io/rrid:AB_11181417	tool
rrid:CVCL_D702	SK-MEL-11	Cell Line	https://bioregistry.io/rrid:CVCL_D702	tool
MPNST-Nf1-S462	MPNST-Nf1-S462	Animal Model		tool
pADANS-NF1-12	pADANS-NF1-12	Genetic Reagent		tool
rrid:CVCL_J519	YUDEW	Cell Line	https://bioregistry.io/rrid:CVCL_J519	tool
ELK-TAD Luciferase Reporter HEK293 Stable NF1 -/-	ELK-TAD Luciferase Reporter HEK293 Stable NF1 -/-	Cell Line		tool
Immunotag Neurofibromin Polyclonal Antibody	Immunotag Neurofibromin Polyclonal Antibody	Antibody		tool
rrid:CVCL_D772	SK-MEL-210-3	Cell Line	https://bioregistry.io/rrid:CVCL_D772	tool
rrid:CVCL_BA10	GM21865	Cell Line	https://bioregistry.io/rrid:CVCL_BA10	tool
rrid:CVCL_6148	SK-MEL-304	Cell Line	https://bioregistry.io/rrid:CVCL_6148	tool
rrid:CVCL_6081	SK-MEL-131	Cell Line	https://bioregistry.io/rrid:CVCL_6081	tool
rrid:CVCL_9Z84	GM09637	Cell Line	https://bioregistry.io/rrid:CVCL_9Z84	tool
Nf1 (NM_012609) Rat Tagged ORF Clone	Nf1 (NM_012609) Rat Tagged ORF Clone	Genetic Reagent		tool
rrid:CVCL_A7NI	2XSB	Cell Line	https://bioregistry.io/rrid:CVCL_A7NI	tool
rrid:CVCL_BA09	GM21845	Cell Line	https://bioregistry.io/rrid:CVCL_BA09	tool
DelE17	DelE17	Animal Model		tool
Anti-NF1/AP	Anti-NF1/AP	Antibody		tool
rrid:Addgene_83130	Hs.KRAS4b G12C	Genetic Reagent	https://bioregistry.io/rrid:Addgene_83130	tool
Mouse Anti-NF1 Recombinant Antibody (CBWJN-0652)	Mouse Anti-NF1 Recombinant Antibody (CBWJN-0652)	Antibody		tool
Mouse Anti-NF1 Recombinant Antibody (D-2)	Mouse Anti-NF1 Recombinant Antibody (D-2)	Antibody		tool
Nf1Fcr	Nf1Fcr	Animal Model		tool
Rabbit Anti-Neurofibromin, aa27-41 Antibody	Rabbit Anti-Neurofibromin, aa27-41 Antibody	Antibody		tool
rrid:CVCL_6027	SK-MEL-23	Cell Line	https://bioregistry.io/rrid:CVCL_6027	tool
rrid:CVCL_B9V0	icNF00.10a	Cell Line	https://bioregistry.io/rrid:CVCL_B9V0	tool
rrid:CVCL_6137	SK-MEL-271	Cell Line	https://bioregistry.io/rrid:CVCL_6137	tool
rrid:CVCL_8823	SJNB-6	Cell Line	https://bioregistry.io/rrid:CVCL_8823	tool
rrid:Addgene_119205	pAMP-CY1_NF1 T2 (+minintr)	Genetic Reagent	https://bioregistry.io/rrid:Addgene_119205	tool
Nf1-/-MyoD	Nf1-/-MyoD	Animal Model		tool
pENTER-CMV-NF1v1	pENTER-CMV-NF1v1	Genetic Reagent		tool
Mouse Anti-NF1 Recombinant Antibody (A-12)	Mouse Anti-NF1 Recombinant Antibody (A-12)	Antibody		tool
KRAS cDNA ORF Clone, Mouse, untagged	KRAS cDNA ORF Clone, Mouse, untagged	Genetic Reagent		tool
Anti-phospho-NF1(Ser2817)/Cy5	Anti-phospho-NF1(Ser2817)/Cy5	Antibody		tool
rrid:AB_2476898	Anti-NF1 monoclonal antibody, clone SOG517	Antibody	https://bioregistry.io/rrid:AB_2476898	tool
pADANS-NF1-6	pADANS-NF1-6	Genetic Reagent		tool
rrid:CVCL_9Z91	GM09650	Cell Line	https://bioregistry.io/rrid:CVCL_9Z91	tool
rrid:CVCL_6157	SK-MEL-339	Cell Line	https://bioregistry.io/rrid:CVCL_6157	tool
rrid:CVCL_J065	YUCAS	Cell Line	https://bioregistry.io/rrid:CVCL_J065	tool
Nf1flox/-;Krox20-Cre	Nf1flox/-;Krox20-Cre	Animal Model		tool
rrid:Addgene_83158	Hs.KRAS4b E37G	Genetic Reagent	https://bioregistry.io/rrid:Addgene_83158	tool
HEK293 NF1 -/- with R681X mNf1 cDNA	HEK293 NF1 -/- with R681X mNf1 cDNA	Cell Line		tool
rrid:CVCL_6078	SK-MEL-127	Cell Line	https://bioregistry.io/rrid:CVCL_6078	tool
rrid:CVCL_6107	SK-MEL-205	Cell Line	https://bioregistry.io/rrid:CVCL_6107	tool
rrid:CVCL_1U03	SK-MEL-509	Cell Line	https://bioregistry.io/rrid:CVCL_1U03	tool
rrid:CVCL_YC57	SMBCi003-C	Cell Line	https://bioregistry.io/rrid:CVCL_YC57	tool
B6.129S6-Nf1<tm1Fcr>/Nci	B6.129S6-Nf1<tm1Fcr>/Nci	Animal Model		tool
rrid:Addgene_83168	Hs.KRAS4a G12D	Genetic Reagent	https://bioregistry.io/rrid:Addgene_83168	tool
rrid:Addgene_83157	Hs.KRAS4b T35S	Genetic Reagent	https://bioregistry.io/rrid:Addgene_83157	tool
rrid:Addgene_83146	Hs.KRAS4b K117N	Genetic Reagent	https://bioregistry.io/rrid:Addgene_83146	tool
rrid:Addgene_83143	Hs.KRAS4b G12R	Genetic Reagent	https://bioregistry.io/rrid:Addgene_83143	tool
rrid:Addgene_83129	Hs.KRAS4b	Genetic Reagent	https://bioregistry.io/rrid:Addgene_83129	tool
rrid:CVCL_9Z65	GM09536	Cell Line	https://bioregistry.io/rrid:CVCL_9Z65	tool
rrid:AB_477268	Monoclonal Anti-Neurofibromin antibody produced in mouse	Antibody	https://bioregistry.io/rrid:AB_477268	tool
rrid:CVCL_G330	YULOVY	Cell Line	https://bioregistry.io/rrid:CVCL_G330	tool
Nf14F/4F;CAGGCre-ERTM	Nf14F/4F;CAGGCre-ERTM	Animal Model		tool
NF1-/- hiPSC-SCPs	NF1-/- hiPSC-SCPs	Cell Line		tool
rrid:CVCL_VV74	MUG-Mel1 clone D5	Cell Line	https://bioregistry.io/rrid:CVCL_VV74	tool
rrid:CVCL_9Z92	GM09651	Cell Line	https://bioregistry.io/rrid:CVCL_9Z92	tool
rrid:CVCL_1484	NCI-H1651	Cell Line	https://bioregistry.io/rrid:CVCL_1484	tool
rrid:CVCL_EI20	YUMOBER	Cell Line	https://bioregistry.io/rrid:CVCL_EI20	tool
rrid:CVCL_1Y69	NFS-1	Cell Line	https://bioregistry.io/rrid:CVCL_1Y69	tool
rrid:AB_384160	Anti-Neurofibromin antibody	Antibody	https://bioregistry.io/rrid:AB_384160	tool
rrid:CVCL_UI71	hTERT NF1 ipNF05.5	Cell Line	https://bioregistry.io/rrid:CVCL_UI71	tool
rrid:CVCL_9Z57	GM01634	Cell Line	https://bioregistry.io/rrid:CVCL_9Z57	tool
rrid:CVCL_1T82	SK-MEL-439	Cell Line	https://bioregistry.io/rrid:CVCL_1T82	tool
rrid:CVCL_1T81	SK-MEL-435	Cell Line	https://bioregistry.io/rrid:CVCL_1T81	tool
rrid:CVCL_0D40	NZM077	Cell Line	https://bioregistry.io/rrid:CVCL_0D40	tool
Cnp-EGFR (deltaPten/C-EGFR)	Cnp-EGFR (deltaPten/C-EGFR)	Animal Model		tool
rrid:CVCL_A744	YUGEN8	Cell Line	https://bioregistry.io/rrid:CVCL_A744	tool
rrid:AB_11213889	Anti-Neurofibromin antibody	Antibody	https://bioregistry.io/rrid:AB_11213889	tool
rrid:CVCL_K015	YULOMA	Cell Line	https://bioregistry.io/rrid:CVCL_K015	tool
rrid:CVCL_EI13	YUAME	Cell Line	https://bioregistry.io/rrid:CVCL_EI13	tool
Immunotag NF1 Antibody	Immunotag NF1 Antibody	Antibody		tool
rrid:CVCL_5M64	GM00622	Cell Line	https://bioregistry.io/rrid:CVCL_5M64	tool
rrid:CVCL_9Z69	GM09619	Cell Line	https://bioregistry.io/rrid:CVCL_9Z69	tool
rrid:CVCL_1639	Panc 10.05	Cell Line	https://bioregistry.io/rrid:CVCL_1639	tool
rrid:CVCL_N115	GM09626	Cell Line	https://bioregistry.io/rrid:CVCL_N115	tool
rrid:CVCL_1T77	SK-MEL-428	Cell Line	https://bioregistry.io/rrid:CVCL_1T77	tool
Rabbit Anti-NF1, ID Antibody	Rabbit Anti-NF1, ID Antibody	Antibody		tool
rrid:CVCL_1559	NCI-H358	Cell Line	https://bioregistry.io/rrid:CVCL_1559	tool
C57BL/6JSmoc-Nf1em1Smoc	C57BL/6JSmoc-Nf1em1Smoc	Animal Model		tool
rrid:CVCL_YC55	SMBCi003-A	Cell Line	https://bioregistry.io/rrid:CVCL_YC55	tool
rrid:CVCL_1693	SHP-77	Cell Line	https://bioregistry.io/rrid:CVCL_1693	tool
rrid:CVCL_8826	SJNB-9	Cell Line	https://bioregistry.io/rrid:CVCL_8826	tool
Anti-NF1/APC	Anti-NF1/APC	Antibody		tool
rrid:CVCL_1443	SJNB-13	Cell Line	https://bioregistry.io/rrid:CVCL_1443	tool
rrid:CVCL_6077	SK-MEL-119	Cell Line	https://bioregistry.io/rrid:CVCL_6077	tool
rrid:CVCL_9Z77	GM09630	Cell Line	https://bioregistry.io/rrid:CVCL_9Z77	tool
rrid:CVCL_D274	STSA-1	Cell Line	https://bioregistry.io/rrid:CVCL_D274	tool
rrid:CVCL_YU15	NCC-MPNST3-X2-C1	Cell Line	https://bioregistry.io/rrid:CVCL_YU15	tool
rrid:AB_2251196	NF1 Antibody	Antibody	https://bioregistry.io/rrid:AB_2251196	tool
rrid:AB_10003284	Neurofibromin 1 Antibody	Antibody	https://bioregistry.io/rrid:AB_10003284	tool
The Johns Hopkins NF1 Biospecimen Repository	The Johns Hopkins NF1 Biospecimen Repository	Biobank		tool
iPSC Y489C; Exon 13 cryptic splice	iPSC Y489C; Exon 13 cryptic splice	Cell Line		tool
S462s	S462s	Cell Line		tool
rrid:CVCL_6094	SK-MEL-181	Cell Line	https://bioregistry.io/rrid:CVCL_6094	tool
rrid:AB_10002298	Neurofibromin 1 Antibody	Antibody	https://bioregistry.io/rrid:AB_10002298	tool
rrid:CVCL_4897	PK-59	Cell Line	https://bioregistry.io/rrid:CVCL_4897	tool
rrid:CVCL_1T80	SK-MEL-432	Cell Line	https://bioregistry.io/rrid:CVCL_1T80	tool
rrid:CVCL_UI64	hTERT ipn02.3 2λ	Cell Line	https://bioregistry.io/rrid:CVCL_UI64	tool
HEK293 NF1 -/- Exon 17 #B48 G629R cryptic splice	HEK293 NF1 -/- Exon 17 #B48 G629R cryptic splice	Cell Line		tool
rrid:CVCL_5M69	GM01641	Cell Line	https://bioregistry.io/rrid:CVCL_5M69	tool
rrid:CVCL_HL11	GM21674	Cell Line	https://bioregistry.io/rrid:CVCL_HL11	tool
rrid:CVCL_1T68	SK-MEL-408	Cell Line	https://bioregistry.io/rrid:CVCL_1T68	tool
rrid:CVCL_1702	SK-N-FI	Cell Line	https://bioregistry.io/rrid:CVCL_1702	tool
rrid:AB_2149671	Type 1 Neurofibromatosis Protein (NF1) Mouse anti-Human Monoclonal (aa27-41) (McNFn27a) Antibody	Antibody	https://bioregistry.io/rrid:AB_2149671	tool
rrid:CVCL_B9V1	cNF97.2a	Cell Line	https://bioregistry.io/rrid:CVCL_B9V1	tool
rrid:CVCL_J068	YUKSI	Cell Line	https://bioregistry.io/rrid:CVCL_J068	tool
rrid:CVCL_9Z76	GM09629	Cell Line	https://bioregistry.io/rrid:CVCL_9Z76	tool
rrid:CVCL_BU83	GM22609	Cell Line	https://bioregistry.io/rrid:CVCL_BU83	tool
rrid:CVCL_8477	862L	Cell Line	https://bioregistry.io/rrid:CVCL_8477	tool
rrid:CVCL_0152	AsPC-1	Cell Line	https://bioregistry.io/rrid:CVCL_0152	tool
rrid:CVCL_1441	SJNB-10	Cell Line	https://bioregistry.io/rrid:CVCL_1441	tool
rrid:CVCL_B485	YURIF	Cell Line	https://bioregistry.io/rrid:CVCL_B485	tool
rrid:CVCL_6288	HTh74	Cell Line	https://bioregistry.io/rrid:CVCL_6288	tool
BTSC 380	BTSC 380	Cell Line		tool
rrid:CVCL_8916	ST88-14	Cell Line	https://bioregistry.io/rrid:CVCL_8916	tool
Neurofibromin Antibody / NF1	Neurofibromin Antibody / NF1	Antibody		tool
NF10.1	NF10.1	Cell Line		tool
MPNST-Nf1-001	MPNST-Nf1-001	Animal Model		tool
Anti-NF1/PE-Cy7	Anti-NF1/PE-Cy7	Antibody		tool
rrid:CVCL_A5PR	NB90-6	Cell Line	https://bioregistry.io/rrid:CVCL_A5PR	tool
rrid:CVCL_1T93	SK-MEL-462	Cell Line	https://bioregistry.io/rrid:CVCL_1T93	tool
SOX10+ SLC	SOX10+ SLC	Cell Line		tool
rrid:CVCL_B9V5	cNF98.4c	Cell Line	https://bioregistry.io/rrid:CVCL_B9V5	tool
rrid:CVCL_1Y70	S462	Cell Line	https://bioregistry.io/rrid:CVCL_1Y70	tool
rrid:AB_11186801	Monoclonal Mouse anti-Human Neurofibromin / NF1 Antibody (clone McNFn27a, DY488, N-Terminus, WB)	Antibody	https://bioregistry.io/rrid:AB_11186801	tool
anti-Neurofibromin 1 Antibody	anti-Neurofibromin 1 Antibody	Antibody		tool
rrid:IMSR_JAX:008191	B6;129S2-Trp53tm1Tyj Nf1tm1Tyj/J	Animal Model	https://bioregistry.io/rrid:IMSR_JAX:008191	tool
rrid:Addgene_83132	Hs.KRAS4b G12V	Genetic Reagent	https://bioregistry.io/rrid:Addgene_83132	tool
rrid:CVCL_K028	YUWHIM	Cell Line	https://bioregistry.io/rrid:CVCL_K028	tool
rrid:CVCL_RS07	GI-ME-NrDOX5	Cell Line	https://bioregistry.io/rrid:CVCL_RS07	tool
rrid:CVCL_J067	YUGOE	Cell Line	https://bioregistry.io/rrid:CVCL_J067	tool
Nf1Prx1-/-	Nf1Prx1-/-	Animal Model		tool
Nf1Dsk9/+	Nf1Dsk9/+	Animal Model		tool
rrid:Addgene_83135	Hs.KRAS4b Q61R	Genetic Reagent	https://bioregistry.io/rrid:Addgene_83135	tool
rrid:CVCL_BU80	GM22606	Cell Line	https://bioregistry.io/rrid:CVCL_BU80	tool
rrid:CVCL_1T70	SK-MEL-411	Cell Line	https://bioregistry.io/rrid:CVCL_1T70	tool
Nf1 +/Δ4	Nf1 +/Δ4	Animal Model		tool
B6-129S4-Nf1-/+;Trp53-/+cis	B6-129S4-Nf1-/+;Trp53-/+cis	Animal Model		tool
rrid:AB_2149657	NF1 Polyclonal Antibody	Antibody	https://bioregistry.io/rrid:AB_2149657	tool
rrid:CVCL_B474	TR14	Cell Line	https://bioregistry.io/rrid:CVCL_B474	tool
rrid:CVCL_9Z89	GM09642	Cell Line	https://bioregistry.io/rrid:CVCL_9Z89	tool
Recombinant Anti-Neurofibromin antibody [EPR22989-68] - BSA and Azide free	Recombinant Anti-Neurofibromin antibody [EPR22989-68] - BSA and Azide free	Antibody		tool
rrid:CVCL_B486	YUROB	Cell Line	https://bioregistry.io/rrid:CVCL_B486	tool
Anti-phospho-NF1(Ser2817)/PE-Cy3	Anti-phospho-NF1(Ser2817)/PE-Cy3	Antibody		tool
rrid:CVCL_B568	RG-141	Cell Line	https://bioregistry.io/rrid:CVCL_B568	tool
rrid:Addgene_83172	Hs.KRAS4a Q61R	Genetic Reagent	https://bioregistry.io/rrid:Addgene_83172	tool
rrid:CVCL_6092	SK-MEL-176	Cell Line	https://bioregistry.io/rrid:CVCL_6092	tool
rrid:CVCL_1T95	SK-MEL-464B	Cell Line	https://bioregistry.io/rrid:CVCL_1T95	tool
rrid:CVCL_J355	MPNST-90	Cell Line	https://bioregistry.io/rrid:CVCL_J355	tool
rrid:CVCL_2143	NMB	Cell Line	https://bioregistry.io/rrid:CVCL_2143	tool
Anti-phospho-NF1(Ser2515)/APC	Anti-phospho-NF1(Ser2515)/APC	Antibody		tool
Nf1Arg681*/Arg681* MEFs	Nf1Arg681*/Arg681* MEFs	Cell Line		tool
Anti-Neurofibromin/NF1 Antibody Picoband (monoclonal, 4C6F10)	Anti-Neurofibromin/NF1 Antibody Picoband (monoclonal, 4C6F10)	Antibody		tool
Nf1 Ocl-/-	Nf1 Ocl-/-	Animal Model		tool
rrid:CVCL_1U04	SK-MEL-513	Cell Line	https://bioregistry.io/rrid:CVCL_1U04	tool
rrid:AB_11045556	Anti-NF1 antibody	Antibody	https://bioregistry.io/rrid:AB_11045556	tool
rrid:CVCL_8820	SJNB-3	Cell Line	https://bioregistry.io/rrid:CVCL_8820	tool
PC (772-1085)	PC (772-1085)	Antibody		tool
BTSC 349	BTSC 349	Cell Line		tool
rrid:AB_2852585	NF1 Polyclonal Antibody	Antibody	https://bioregistry.io/rrid:AB_2852585	tool
iPSC NF1 +/- BJFF.6 bkgd	iPSC NF1 +/- BJFF.6 bkgd	Cell Line		tool
rrid:CVCL_1T99	SK-MEL-495	Cell Line	https://bioregistry.io/rrid:CVCL_1T99	tool
rrid:CVCL_1444	SJNB-14	Cell Line	https://bioregistry.io/rrid:CVCL_1444	tool
rrid:CVCL_1709	SNU-C2A	Cell Line	https://bioregistry.io/rrid:CVCL_1709	tool
Nf1+/Δ4	Nf1+/Δ4	Animal Model		tool
pADANS-NF1	pADANS-NF1	Genetic Reagent		tool
Dhh-Cre; Nf1flox/flox; Ptenflox/+	Dhh-Cre; Nf1flox/flox; Ptenflox/+	Animal Model		tool
rrid:CVCL_9Z60	GM01861	Cell Line	https://bioregistry.io/rrid:CVCL_9Z60	tool
Neurofibromin (NF1) Mouse Monoclonal Antibody	Neurofibromin (NF1) Mouse Monoclonal Antibody	Antibody		tool
Anti-phospho-NF1(Ser2817)/Cy7	Anti-phospho-NF1(Ser2817)/Cy7	Antibody		tool
rrid:CVCL_B7JJ	PEO4-iPSC-OSKM-05	Cell Line	https://bioregistry.io/rrid:CVCL_B7JJ	tool
rrid:CVCL_4662	NMS-2	Cell Line	https://bioregistry.io/rrid:CVCL_4662	tool
Children's Hospital of Philadelphia Biobank	Children's Hospital of Philadelphia Biobank	Biobank		tool
rrid:CVCL_1R97	GM10657	Cell Line	https://bioregistry.io/rrid:CVCL_1R97	tool
Anti-phospho-NF1(Ser2817)/Cy3	Anti-phospho-NF1(Ser2817)/Cy3	Antibody		tool
rrid:CVCL_T702	XL110	Cell Line	https://bioregistry.io/rrid:CVCL_T702	tool
rrid:AB_2475985	Anti-NF1 monoclonal antibody, clone MC-072	Antibody	https://bioregistry.io/rrid:AB_2475985	tool
rrid:Addgene_119202	pAMP-CY1_NF1 T1 R1276P (+minintr, KDR)	Genetic Reagent	https://bioregistry.io/rrid:Addgene_119202	tool
rrid:CVCL_K021	YURKEN	Cell Line	https://bioregistry.io/rrid:CVCL_K021	tool
Mouse Anti-NF1 Recombinant Antibody (CBWJN-0441)	Mouse Anti-NF1 Recombinant Antibody (CBWJN-0441)	Antibody		tool
rrid:CVCL_K023	YUSUBA	Cell Line	https://bioregistry.io/rrid:CVCL_K023	tool
HS53T	HS53T	Cell Line		tool
rrid:CVCL_6108	SK-MEL-207	Cell Line	https://bioregistry.io/rrid:CVCL_6108	tool
rrid:AB_1852236	Neurofibromin 1 Antibody (McNFn27a) [HRP]	Antibody	https://bioregistry.io/rrid:AB_1852236	tool
rrid:CVCL_8917	STS-26T	Cell Line	https://bioregistry.io/rrid:CVCL_8917	tool
rrid:CVCL_9Z68	GM09617	Cell Line	https://bioregistry.io/rrid:CVCL_9Z68	tool
rrid:CVCL_J357	MPNST-92	Cell Line	https://bioregistry.io/rrid:CVCL_J357	tool
rrid:AB_10553211	NF1 polyclonal antibody 	Antibody	https://bioregistry.io/rrid:AB_10553211	tool
rrid:CVCL_A1ME	MCRIi021-A	Cell Line	https://bioregistry.io/rrid:CVCL_A1ME	tool
Rabbit Anti-Human Neurofibromin (Phospho S2741) Polyclonal Antibody	Rabbit Anti-Human Neurofibromin (Phospho S2741) Polyclonal Antibody	Antibody		tool
rrid:IMSR_JAX:017640	B6.129(Cg)-Nf1tm1Par/J	Animal Model	https://bioregistry.io/rrid:IMSR_JAX:017640	tool
rrid:CVCL_J516	YUBUNE	Cell Line	https://bioregistry.io/rrid:CVCL_J516	tool
rrid:CVCL_1T91	SK-MEL-457	Cell Line	https://bioregistry.io/rrid:CVCL_1T91	tool
rrid:CVCL_EI21	YUNACK	Cell Line	https://bioregistry.io/rrid:CVCL_EI21	tool
B6/JGpt-Nf1<em1Cflox>/Gpt	B6/JGpt-Nf1<em1Cflox>/Gpt	Animal Model		tool
Lenti-CMV-NF1v3	Lenti-CMV-NF1v3	Genetic Reagent		tool
BTSC 3021	BTSC 3021	Cell Line		tool
rrid:CVCL_K011	YUKADI	Cell Line	https://bioregistry.io/rrid:CVCL_K011	tool
rrid:Addgene_83170	Hs.KRAS4a G13D	Genetic Reagent	https://bioregistry.io/rrid:Addgene_83170	tool
rrid:CVCL_K003	YUCHUFA	Cell Line	https://bioregistry.io/rrid:CVCL_K003	tool
rrid:CVCL_6095	SK-MEL-182	Cell Line	https://bioregistry.io/rrid:CVCL_6095	tool
rrid:CVCL_6118	SK-MEL-233	Cell Line	https://bioregistry.io/rrid:CVCL_6118	tool
rrid:CVCL_9Z98	GM09692	Cell Line	https://bioregistry.io/rrid:CVCL_9Z98	tool
c.1185+1G > A NF1-mutant hiPSCs	c.1185+1G > A NF1-mutant hiPSCs	Cell Line		tool
rrid:CVCL_8479	9/3L	Cell Line	https://bioregistry.io/rrid:CVCL_8479	tool
rrid:CVCL_1723	SW1990	Cell Line	https://bioregistry.io/rrid:CVCL_1723	tool
rrid:CVCL_1466	NCI-H1385	Cell Line	https://bioregistry.io/rrid:CVCL_1466	tool
rrid:CVCL_AT82	HTh74 clone 7	Cell Line	https://bioregistry.io/rrid:CVCL_AT82	tool
Monoclonal Anti-NF1 antibody produced in mouse	Monoclonal Anti-NF1 antibody produced in mouse	Antibody		tool
NF1+/- hiPSC-SCPs	NF1+/- hiPSC-SCPs	Cell Line		tool
rrid:AB_2149683	Neurofibromin 1 Antibody (McNFn27b) [DyLight 650]	Antibody	https://bioregistry.io/rrid:AB_2149683	tool
rrid:CVCL_9Z80	GM09633	Cell Line	https://bioregistry.io/rrid:CVCL_9Z80	tool
rrid:CVCL_YL57	SZ-NF1	Cell Line	https://bioregistry.io/rrid:CVCL_YL57	tool
rrid:CVCL_K020	YURED	Cell Line	https://bioregistry.io/rrid:CVCL_K020	tool
Mouse Anti-NF1 Recombinant Antibody (3C160)	Mouse Anti-NF1 Recombinant Antibody (3C160)	Antibody		tool
rrid:CVCL_YL58	SZ-NF2	Cell Line	https://bioregistry.io/rrid:CVCL_YL58	tool
rrid:CVCL_6098	SK-MEL-188	Cell Line	https://bioregistry.io/rrid:CVCL_6098	tool
rrid:CVCL_AU21	MPNST-14	Cell Line	https://bioregistry.io/rrid:CVCL_AU21	tool
rrid:CVCL_1574	NCI-H647	Cell Line	https://bioregistry.io/rrid:CVCL_1574	tool
rrid:CVCL_6030	SK-MEL-27	Cell Line	https://bioregistry.io/rrid:CVCL_6030	tool
rrid:CVCL_6146	SK-MEL-285	Cell Line	https://bioregistry.io/rrid:CVCL_6146	tool
pT2/shp53/shNf1/CMV‐PDGFA‐IRES‐DsRed vector	pT2/shp53/shNf1/CMV‐PDGFA‐IRES‐DsRed vector	Genetic Reagent		tool
rrid:MMRRC_041154-JAX	C57BL/6-Nf1<tm1Joe>/Mmjax	Animal Model	https://bioregistry.io/rrid:MMRRC_041154-JAX	tool
rrid:CVCL_UN15	6PNF_SiPSrv_PM_2	Cell Line	https://bioregistry.io/rrid:CVCL_UN15	tool
rrid:CVCL_6070	SK-MEL-105	Cell Line	https://bioregistry.io/rrid:CVCL_6070	tool
Neurofibromin Antibody (H-12)	Neurofibromin Antibody (H-12)	Antibody		tool
rrid:CVCL_UE09	U-87MG ATCC IDH1 p.R132H	Cell Line	https://bioregistry.io/rrid:CVCL_UE09	tool
rrid:CVCL_6166	SK-MEL-380	Cell Line	https://bioregistry.io/rrid:CVCL_6166	tool
rrid:CVCL_6127	SK-MEL-252	Cell Line	https://bioregistry.io/rrid:CVCL_6127	tool
rrid:CVCL_G331	YUMUT	Cell Line	https://bioregistry.io/rrid:CVCL_G331	tool
rrid:Addgene_83167	Hs.KRAS4a G12C	Genetic Reagent	https://bioregistry.io/rrid:Addgene_83167	tool
rrid:CVCL_A436	UHG-NP	Cell Line	https://bioregistry.io/rrid:CVCL_A436	tool
rrid:CVCL_0397	LS180	Cell Line	https://bioregistry.io/rrid:CVCL_0397	tool
Coriell Institute for Medical Research Biobank	Coriell Institute for Medical Research Biobank	Biobank		tool
NCC-MPNST3-X2	NCC-MPNST3-X2	Animal Model		tool
Nf1flox/-;Cx3cr1+/gfp	Nf1flox/-;Cx3cr1+/gfp	Animal Model		tool
Nf1+/-x129S2/SvHsd	Nf1+/-x129S2/SvHsd	Animal Model		tool
rrid:CVCL_6111	SK-MEL-217	Cell Line	https://bioregistry.io/rrid:CVCL_6111	tool
rrid:CVCL_9Z75	GM09628	Cell Line	https://bioregistry.io/rrid:CVCL_9Z75	tool
rrid:CVCL_1648	RCM-1	Cell Line	https://bioregistry.io/rrid:CVCL_1648	tool
rrid:CVCL_B9VB	cNF04.9a	Cell Line	https://bioregistry.io/rrid:CVCL_B9VB	tool
Polyclonal Rabbit anti-Human Neurofibromin / NF1 Antibody (IHC)	Polyclonal Rabbit anti-Human Neurofibromin / NF1 Antibody (IHC)	Antibody		tool
Neurofibromin CRISPR Plasmids (h)	Neurofibromin CRISPR Plasmids (h)	Genetic Reagent		tool
Prx1-Cre+/- Nf1flox/flox	Prx1-Cre+/- Nf1flox/flox	Animal Model		tool
rrid:CVCL_A3RP	HPS2254	Cell Line	https://bioregistry.io/rrid:CVCL_A3RP	tool
c.1149C > A NF1-mutant hiPSCs	c.1149C > A NF1-mutant hiPSCs	Cell Line		tool
rrid:AB_2514233	Anti-NF1 (C-terminal) polyclonal antibody	Antibody	https://bioregistry.io/rrid:AB_2514233	tool
MPSNT-SP-002	MPSNT-SP-002	Animal Model		tool
iNF-07E	iNF-07E	Antibody		tool
rrid:AB_1849284	Neurofibromin 1 Antibody (McNFn27a) - BSA Free	Antibody	https://bioregistry.io/rrid:AB_1849284	tool
rrid:Addgene_83161	Hs.KRAS4b Y40F	Genetic Reagent	https://bioregistry.io/rrid:Addgene_83161	tool
rrid:MMRRC_025689-UCD	SIGTR ES cell line AA0320	Cell Line	https://bioregistry.io/rrid:MMRRC_025689-UCD	tool
rrid:CVCL_0D47	NZM087	Cell Line	https://bioregistry.io/rrid:CVCL_0D47	tool
2-004	2-004	Cell Line		tool
rrid:IMSR_JAX:008192	B6.129S2-Nf1tm1Tyj/J	Animal Model	https://bioregistry.io/rrid:IMSR_JAX:008192	tool
rrid:CVCL_K018	YUPEET	Cell Line	https://bioregistry.io/rrid:CVCL_K018	tool
rrid:CVCL_1517	NCI-H2030	Cell Line	https://bioregistry.io/rrid:CVCL_1517	tool
JH-2-002	JH-2-002	Cell Line		tool
Anti-Neurofibromin antibody [EPR22989-68]	Anti-Neurofibromin antibody [EPR22989-68]	Antibody		tool
rrid:Addgene_83140	Hs.KRAS4b Q61H	Genetic Reagent	https://bioregistry.io/rrid:Addgene_83140	tool
rrid:CVCL_A3RQ	HPS2255	Cell Line	https://bioregistry.io/rrid:CVCL_A3RQ	tool
rrid:CVCL_TA54	HAP1 NF1 (-) 4	Cell Line	https://bioregistry.io/rrid:CVCL_TA54	tool
rrid:CVCL_6080	SK-MEL-130	Cell Line	https://bioregistry.io/rrid:CVCL_6080	tool
rrid:CVCL_9Z54	GM01633	Cell Line	https://bioregistry.io/rrid:CVCL_9Z54	tool
rrid:CVCL_G328	YUKIM	Cell Line	https://bioregistry.io/rrid:CVCL_G328	tool
HEK293 NF1 -/- with WT tagged mNf1 cDNA	HEK293 NF1 -/- with WT tagged mNf1 cDNA	Cell Line		tool
rrid:CVCL_EI19	YULOCUS	Cell Line	https://bioregistry.io/rrid:CVCL_EI19	tool
rrid:AB_10003032	Neurofibromin 1 Antibody	Antibody	https://bioregistry.io/rrid:AB_10003032	tool
rrid:Addgene_92029	lentiCRISPRv2.sgNf1.4	Genetic Reagent	https://bioregistry.io/rrid:Addgene_92029	tool
rrid:CVCL_D3C9	icNF93.1a	Cell Line	https://bioregistry.io/rrid:CVCL_D3C9	tool
rrid:Addgene_83181	Hs.HRAS	Genetic Reagent	https://bioregistry.io/rrid:Addgene_83181	tool
rrid:Addgene_83173	Hs.NRAS	Genetic Reagent	https://bioregistry.io/rrid:Addgene_83173	tool
rrid:CVCL_A258	KCL025	Cell Line	https://bioregistry.io/rrid:CVCL_A258	tool
rrid:CVCL_6E64	XF	Cell Line	https://bioregistry.io/rrid:CVCL_6E64	tool
KRAS (NM_033360) Human Tagged ORF Clone	KRAS (NM_033360) Human Tagged ORF Clone	Genetic Reagent		tool
rrid:Addgene_70424	R777-E140 Hs.NF1-nostop	Genetic Reagent	https://bioregistry.io/rrid:Addgene_70424	tool
Nf1flox/-; GFAP-Cre; CD11b-TK	Nf1flox/-; GFAP-Cre; CD11b-TK	Animal Model		tool
Nf1-/- Drosophila	Nf1-/- Drosophila	Animal Model		tool
rrid:CVCL_6099	SK-MEL-190	Cell Line	https://bioregistry.io/rrid:CVCL_6099	tool
Nf1-/- Epithelial lung cells	Nf1-/- Epithelial lung cells	Cell Line		tool
rrid:CVCL_6122	SK-MEL-239	Cell Line	https://bioregistry.io/rrid:CVCL_6122	tool
rrid:AB_10824909	anti-Neurofibromin 1 antibody (NF1) N-Term	Antibody	https://bioregistry.io/rrid:AB_10824909	tool
Anti-phospho-NF1(Ser2515)/PE-Cy7	Anti-phospho-NF1(Ser2515)/PE-Cy7	Antibody		tool
Anti-NF1/PE-Cy5.5	Anti-NF1/PE-Cy5.5	Antibody		tool
rrid:CVCL_9Z87	GM09640	Cell Line	https://bioregistry.io/rrid:CVCL_9Z87	tool
KRAS cDNA ORF Clone, Human, C-DYKDDDDK (Flag) tag	KRAS cDNA ORF Clone, Human, C-DYKDDDDK (Flag) tag	Genetic Reagent		tool
rrid:CVCL_1T73	SK-MEL-423A	Cell Line	https://bioregistry.io/rrid:CVCL_1T73	tool
CPTC-NF1-3	CPTC-NF1-3	Antibody		tool
CPTC-NF1-1	CPTC-NF1-1	Antibody		tool
rrid:CVCL_C2NW	CPTC-NF1-3	Cell Line	https://bioregistry.io/rrid:CVCL_C2NW	tool
Anti-NF1/Cy7	Anti-NF1/Cy7	Antibody		tool
Nf1flox/-;P0A-Cre-	Nf1flox/-;P0A-Cre-	Animal Model		tool
Mouse Anti-Neurofibromin, aa27-41 Antibody	Mouse Anti-Neurofibromin, aa27-41 Antibody	Antibody		tool
Nf1Arg681*/Arg681* ES	Nf1Arg681*/Arg681* ES	Cell Line		tool
rrid:CVCL_1T94	SK-MEL-464A	Cell Line	https://bioregistry.io/rrid:CVCL_1T94	tool
rrid:CVCL_J070	YUROL	Cell Line	https://bioregistry.io/rrid:CVCL_J070	tool
Neurofibromin (NF1) (NM_001042492) Human Tagged ORF Clone	Neurofibromin (NF1) (NM_001042492) Human Tagged ORF Clone	Genetic Reagent		tool
rrid:AB_1619770	Rabbit Anti-Neurofibromin Antibody, Unconjugated	Antibody	https://bioregistry.io/rrid:AB_1619770	tool
pENTER-CMV-NF1v2	pENTER-CMV-NF1v2	Genetic Reagent		tool
rrid:CVCL_9Z70	GM09620	Cell Line	https://bioregistry.io/rrid:CVCL_9Z70	tool
rrid:CVCL_J520	YUGASP	Cell Line	https://bioregistry.io/rrid:CVCL_J520	tool
pENTER-CMV-NF1v3	pENTER-CMV-NF1v3	Genetic Reagent		tool
rrid:CVCL_1T64	SK-MEL-394	Cell Line	https://bioregistry.io/rrid:CVCL_1T64	tool
Nf1tm1.1Kest	Nf1tm1.1Kest	Animal Model		tool
Nf1bdelta55 zebrafish	Nf1bdelta55 zebrafish	Animal Model		tool
rrid:CVCL_6123	SK-MEL-243	Cell Line	https://bioregistry.io/rrid:CVCL_6123	tool
B3A.1 fusion protein antibody	B3A.1 fusion protein antibody	Antibody		tool
Nf1flox/+;P0A-Cre(+)	Nf1flox/+;P0A-Cre(+)	Animal Model		tool
rrid:CVCL_S426	NZM041	Cell Line	https://bioregistry.io/rrid:CVCL_S426	tool
rrid:CVCL_1T83	SK-MEL-441	Cell Line	https://bioregistry.io/rrid:CVCL_1T83	tool
rrid:CVCL_1T90	SK-MEL-455	Cell Line	https://bioregistry.io/rrid:CVCL_1T90	tool
rrid:CVCL_1T62	SK-MEL-391	Cell Line	https://bioregistry.io/rrid:CVCL_1T62	tool
rrid:CVCL_YU17	NCC-MPNST5-C1	Cell Line	https://bioregistry.io/rrid:CVCL_YU17	tool
rrid:CVCL_0045	HEK293	Cell Line	https://bioregistry.io/rrid:CVCL_0045	tool
rrid:CVCL_AA00	GM09944	Cell Line	https://bioregistry.io/rrid:CVCL_AA00	tool
rrid:CVCL_8Y66	QQ0588	Cell Line	https://bioregistry.io/rrid:CVCL_8Y66	tool
rrid:CVCL_YY00	SZ-NF6	Cell Line	https://bioregistry.io/rrid:CVCL_YY00	tool
HEK293 NF1 -/- Exon 52 R2550X #5	HEK293 NF1 -/- Exon 52 R2550X #5	Cell Line		tool
Drosophila NF1 antibody	Drosophila NF1 antibody	Antibody		tool
rrid:CVCL_B7JI	PEO4-iPSC-OSKM-03	Cell Line	https://bioregistry.io/rrid:CVCL_B7JI	tool
rrid:AB_2841885	NF1 Antibody	Antibody	https://bioregistry.io/rrid:AB_2841885	tool
rrid:CVCL_G321	WW165	Cell Line	https://bioregistry.io/rrid:CVCL_G321	tool
rrid:CVCL_UN13	5PNF_TDiPSsv_MM_4	Cell Line	https://bioregistry.io/rrid:CVCL_UN13	tool
rrid:CVCL_U912	SK-MEL-309B	Cell Line	https://bioregistry.io/rrid:CVCL_U912	tool
Anti-phospho-NF1(Ser2817)/Gold	Anti-phospho-NF1(Ser2817)/Gold	Antibody		tool
rrid:CVCL_S805	T265	Cell Line	https://bioregistry.io/rrid:CVCL_S805	tool
Nf1 flox/+; DhhCre/+	Nf1 flox/+; DhhCre/+	Animal Model		tool
rrid:Addgene_83131	Hs.KRAS4b G12D	Genetic Reagent	https://bioregistry.io/rrid:Addgene_83131	tool
Nf1+/-GFAPCKO	Nf1+/-GFAPCKO	Animal Model		tool
P0-GGFb3	P0-GGFb3	Animal Model		tool
HEK293 NF1 -/- with R2550X mNf1 cDNA	HEK293 NF1 -/- with R2550X mNf1 cDNA	Cell Line		tool
rrid:CVCL_9Z82	GM09635	Cell Line	https://bioregistry.io/rrid:CVCL_9Z82	tool
rrid:CVCL_C885	N206	Cell Line	https://bioregistry.io/rrid:CVCL_C885	tool
rrid:CVCL_8821	SJNB-4	Cell Line	https://bioregistry.io/rrid:CVCL_8821	tool
rrid:CVCL_6155	SK-MEL-330	Cell Line	https://bioregistry.io/rrid:CVCL_6155	tool
rrid:AB_2474806	Anti-NF1 monoclonal antibody, clone OG-16	Antibody	https://bioregistry.io/rrid:AB_2474806	tool
rrid:AB_2149664	Rabbit anti Neurofibromin (Phospho-specific) antibody	Antibody	https://bioregistry.io/rrid:AB_2149664	tool
rrid:CVCL_6035	SK-MEL-36	Cell Line	https://bioregistry.io/rrid:CVCL_6035	tool
rrid:CVCL_E089	SK-MEL-321B	Cell Line	https://bioregistry.io/rrid:CVCL_E089	tool
rrid:CVCL_1845	PaTu 8902	Cell Line	https://bioregistry.io/rrid:CVCL_1845	tool
rrid:CVCL_6089	SK-MEL-170	Cell Line	https://bioregistry.io/rrid:CVCL_6089	tool
rrid:CVCL_6038	SK-MEL-41	Cell Line	https://bioregistry.io/rrid:CVCL_6038	tool
anti-NF-1 antibody	anti-NF-1 antibody	Antibody		tool
rrid:CVCL_1700	SK-N-AS	Cell Line	https://bioregistry.io/rrid:CVCL_1700	tool
Anti-Neurofibromin NF1 Antibody	Anti-Neurofibromin NF1 Antibody	Antibody		tool
rrid:CVCL_8822	SJNB-5	Cell Line	https://bioregistry.io/rrid:CVCL_8822	tool
rrid:Addgene_119206	pLV-H1-SGIPZ_NF1 sh1miR	Genetic Reagent	https://bioregistry.io/rrid:Addgene_119206	tool
rrid:CVCL_KT82	HeLa SilenciX NF1	Cell Line	https://bioregistry.io/rrid:CVCL_KT82	tool
rrid:CVCL_6161	SK-MEL-359	Cell Line	https://bioregistry.io/rrid:CVCL_6161	tool
rrid:AB_2481385	Anti-NF1 monoclonal antibody, clone TNJ-423	Antibody	https://bioregistry.io/rrid:AB_2481385	tool
rrid:MMRRC_048792-UCD	C57BL/6N-Nf1<tm1a(KOMP)Wtsi>/Mmucd	Animal Model	https://bioregistry.io/rrid:MMRRC_048792-UCD	tool
rrid:CVCL_A3UF	HPS1315	Cell Line	https://bioregistry.io/rrid:CVCL_A3UF	tool
Nf1tm1d(KOMP)Wtsi	Nf1tm1d(KOMP)Wtsi	Animal Model		tool
pMAL.B3A fusion-protein antiserum	pMAL.B3A fusion-protein antiserum	Antibody		tool
rrid:CVCL_6139	SK-MEL-275	Cell Line	https://bioregistry.io/rrid:CVCL_6139	tool
rrid:Addgene_83164	Hs.KRAS4b Q61K	Genetic Reagent	https://bioregistry.io/rrid:Addgene_83164	tool
rrid:CVCL_C1A8	MCF10A_NF1_7B2	Cell Line	https://bioregistry.io/rrid:CVCL_C1A8	tool
rrid:CVCL_6096	SK-MEL-186	Cell Line	https://bioregistry.io/rrid:CVCL_6096	tool
Neurofibromin 1 Antibody (CL11773)	Neurofibromin 1 Antibody (CL11773)	Antibody		tool
Anti-phospho-NF1(Ser2515)/PE-Cy5.5	Anti-phospho-NF1(Ser2515)/PE-Cy5.5	Antibody		tool
rrid:CVCL_0D36	NZM072	Cell Line	https://bioregistry.io/rrid:CVCL_0D36	tool
Nf1-/- HEK 293	Nf1-/- HEK 293	Cell Line		tool
Cx3cr1+/gfp	Cx3cr1+/gfp	Animal Model		tool
rrid:AB_1850577	Neurofibromin 1 Antibody (McNFn27b) [DyLight 550]	Antibody	https://bioregistry.io/rrid:AB_1850577	tool
rrid:Addgene_70423	R777-E139 Hs.NF1	Genetic Reagent	https://bioregistry.io/rrid:Addgene_70423	tool
rrid:CVCL_D825	NZM022	Cell Line	https://bioregistry.io/rrid:CVCL_D825	tool
rrid:AB_2679352	Anti-NF1 polyclonal antibody	Antibody	https://bioregistry.io/rrid:AB_2679352	tool
rrid:AB_10552523	NF1 polyclonal antibody 	Antibody	https://bioregistry.io/rrid:AB_10552523	tool
rrid:CVCL_BU81	GM22607	Cell Line	https://bioregistry.io/rrid:CVCL_BU81	tool
Anti-phospho-NF1(Ser2515)/Cy5.5	Anti-phospho-NF1(Ser2515)/Cy5.5	Antibody		tool
rrid:CVCL_M977	T351	Cell Line	https://bioregistry.io/rrid:CVCL_M977	tool
rrid:CVCL_E090	SK-MEL-315-02	Cell Line	https://bioregistry.io/rrid:CVCL_E090	tool
Anti-phospho-NF1(Ser2515)/Cy5	Anti-phospho-NF1(Ser2515)/Cy5	Antibody		tool
rrid:AB_10697963	Rabbit Anti-NF1 Polyclonal, Unconjugated antibody	Antibody	https://bioregistry.io/rrid:AB_10697963	tool
rrid:CVCL_6748	PK-45H	Cell Line	https://bioregistry.io/rrid:CVCL_6748	tool
rrid:CVCL_1139	COR-L23	Cell Line	https://bioregistry.io/rrid:CVCL_1139	tool
Anti-Neurofibromin/NF1 Antibody Picoband	Anti-Neurofibromin/NF1 Antibody Picoband	Antibody		tool
Nf1+/- P53+/-	Nf1+/- P53+/-	Animal Model		tool
rrid:CVCL_1584	NCI-H727	Cell Line	https://bioregistry.io/rrid:CVCL_1584	tool
WT ES	WT ES	Cell Line		tool
rrid:CVCL_UI73	hTERT NF1 ipnNF09.4	Cell Line	https://bioregistry.io/rrid:CVCL_UI73	tool
rrid:CVCL_J515	YUBEL	Cell Line	https://bioregistry.io/rrid:CVCL_J515	tool
rrid:CVCL_UN64	HPS1312	Cell Line	https://bioregistry.io/rrid:CVCL_UN64	tool
Anti-phospho-NF1(Ser2817)/RBITC	Anti-phospho-NF1(Ser2817)/RBITC	Antibody		tool
Nf1flox/mut; Ptenflox/wt; GFAP-Cre (FMPC)	Nf1flox/mut; Ptenflox/wt; GFAP-Cre (FMPC)	Animal Model		tool
Hras (NM_001130444) Mouse Untagged Clone	Hras (NM_001130444) Mouse Untagged Clone	Genetic Reagent		tool
rrid:CVCL_1T85	SK-MEL-445	Cell Line	https://bioregistry.io/rrid:CVCL_1T85	tool
Polyclonal Rabbit anti-Human Neurofibromin / NF1 Antibody (IF, WB)	Polyclonal Rabbit anti-Human Neurofibromin / NF1 Antibody (IF, WB)	Antibody		tool
rrid:CVCL_YU16	NCC-MPNST4-C1	Cell Line	https://bioregistry.io/rrid:CVCL_YU16	tool
Neurofibromin (NF1) Rabbit Polyclonal Antibody	Neurofibromin (NF1) Rabbit Polyclonal Antibody	Antibody		tool
NF1 type III isoform-specific antiserum NF1as159	NF1 type III isoform-specific antiserum NF1as159	Antibody		tool
Nf1flox/mut; GFAP-Cre	Nf1flox/mut; GFAP-Cre	Animal Model		tool
rrid:CVCL_K016	YUMINE	Cell Line	https://bioregistry.io/rrid:CVCL_K016	tool
iPSC NF1 WT	iPSC NF1 WT	Cell Line		tool
rrid:Addgene_83156	Hs.KRAS4b S17N	Genetic Reagent	https://bioregistry.io/rrid:Addgene_83156	tool
rrid:CVCL_1T89	SK-MEL-452	Cell Line	https://bioregistry.io/rrid:CVCL_1T89	tool
NF1 Antibody / Neurofibromin [clone 4F8B7]	NF1 Antibody / Neurofibromin [clone 4F8B7]	Antibody		tool
rrid:Addgene_83185	Hs.HRAS G13D	Genetic Reagent	https://bioregistry.io/rrid:Addgene_83185	tool
Dh5 alpha	Dh5 alpha	Cell Line		tool
rrid:CVCL_9Z79	GM09632	Cell Line	https://bioregistry.io/rrid:CVCL_9Z79	tool
rrid:CVCL_IS33	FMS-1	Cell Line	https://bioregistry.io/rrid:CVCL_IS33	tool
Mouse Anti-Human NF1	Mouse Anti-Human NF1	Antibody		tool
Nf1(31)	Nf1(31)	Animal Model		tool
rrid:CVCL_J517	YUCHER	Cell Line	https://bioregistry.io/rrid:CVCL_J517	tool
rrid:CVCL_6160	SK-MEL-351	Cell Line	https://bioregistry.io/rrid:CVCL_6160	tool
rrid:CVCL_Y600	STR-I-441-NF1	Cell Line	https://bioregistry.io/rrid:CVCL_Y600	tool
NF1fl/fl;Dhh-Cre	NF1fl/fl;Dhh-Cre	Animal Model		tool
rrid:CVCL_B721	RG-315	Cell Line	https://bioregistry.io/rrid:CVCL_B721	tool
rrid:Addgene_83149	Hs.KRAS4b G12F	Genetic Reagent	https://bioregistry.io/rrid:Addgene_83149	tool
rrid:Addgene_83153	Hs.KRAS4b K104Q	Genetic Reagent	https://bioregistry.io/rrid:Addgene_83153	tool
rrid:CVCL_G322	YUDEDE	Cell Line	https://bioregistry.io/rrid:CVCL_G322	tool
rrid:Addgene_83182	Hs.HRAS G12C	Genetic Reagent	https://bioregistry.io/rrid:Addgene_83182	tool
rrid:Addgene_83178	Hs.NRAS Q61L	Genetic Reagent	https://bioregistry.io/rrid:Addgene_83178	tool
D peptide antiserum	D peptide antiserum	Antibody		tool
rrid:CVCL_6106	SK-MEL-202	Cell Line	https://bioregistry.io/rrid:CVCL_6106	tool
rrid:Addgene_83145	Hs.KRAS4b G13C	Genetic Reagent	https://bioregistry.io/rrid:Addgene_83145	tool
rrid:CVCL_8812	SJNB-1	Cell Line	https://bioregistry.io/rrid:CVCL_8812	tool
rrid:CVCL_9477	AMC-106	Cell Line	https://bioregistry.io/rrid:CVCL_9477	tool
rrid:CVCL_YL59	SZ-NF4	Cell Line	https://bioregistry.io/rrid:CVCL_YL59	tool
rrid:CVCL_6026	SK-MEL-22	Cell Line	https://bioregistry.io/rrid:CVCL_6026	tool
rrid:CVCL_C1A7	MCF10A_NF1_7A1	Cell Line	https://bioregistry.io/rrid:CVCL_C1A7	tool
rrid:CVCL_6159	SK-MEL-346	Cell Line	https://bioregistry.io/rrid:CVCL_6159	tool
rrid:CVCL_1U07	SK-MEL-534	Cell Line	https://bioregistry.io/rrid:CVCL_1U07	tool
rrid:CVCL_1R96	GM10502	Cell Line	https://bioregistry.io/rrid:CVCL_1R96	tool
rrid:AB_2790929	NF1 Polyclonal Antibody	Antibody	https://bioregistry.io/rrid:AB_2790929	tool
anti-Neurofibromin 1 antibody (NF1) Center	anti-Neurofibromin 1 antibody (NF1) Center	Antibody		tool
rrid:CVCL_6162	SK-MEL-364	Cell Line	https://bioregistry.io/rrid:CVCL_6162	tool
rrid:CVCL_C1A6	MCF10A_NF1_1	Cell Line	https://bioregistry.io/rrid:CVCL_C1A6	tool
rrid:CVCL_YC56	SMBCi003-B	Cell Line	https://bioregistry.io/rrid:CVCL_YC56	tool
KRAS (NM_004985) Human Tagged ORF Clone	KRAS (NM_004985) Human Tagged ORF Clone	Genetic Reagent		tool
rrid:CVCL_B9V2	cNF97.2b	Cell Line	https://bioregistry.io/rrid:CVCL_B9V2	tool
Nf1a+/-; Nf1b-/-; p53m/m zebrafish	Nf1a+/-; Nf1b-/-; p53m/m zebrafish	Animal Model		tool
rrid:AB_2149790	Rabbit anti-NF1 Antibody, Affinity Purified	Antibody	https://bioregistry.io/rrid:AB_2149790	tool
rrid:Addgene_83148	Hs.KRAS4b R68S	Genetic Reagent	https://bioregistry.io/rrid:Addgene_83148	tool
Nf1:p53	Nf1:p53	Animal Model		tool
rrid:CVCL_6168	SK-MEL-390	Cell Line	https://bioregistry.io/rrid:CVCL_6168	tool
rrid:Addgene_119204	pAMP-CY1_NF1 T1 (+minintr)	Genetic Reagent	https://bioregistry.io/rrid:Addgene_119204	tool
rrid:CVCL_9Z62	GM03421	Cell Line	https://bioregistry.io/rrid:CVCL_9Z62	tool
S462sp	S462sp	Cell Line		tool
NF1 type II isoform-specific antiserum NF1ab67	NF1 type II isoform-specific antiserum NF1ab67	Antibody		tool
rrid:CVCL_9Z66	GM09539	Cell Line	https://bioregistry.io/rrid:CVCL_9Z66	tool
CAMK2-CreTg/+ ; flox-NrasG12VTg/+	CAMK2-CreTg/+ ; flox-NrasG12VTg/+	Animal Model		tool
rrid:Addgene_83174	Hs.NRAS G12V	Genetic Reagent	https://bioregistry.io/rrid:Addgene_83174	tool
rrid:CVCL_S424	NZM047	Cell Line	https://bioregistry.io/rrid:CVCL_S424	tool
IHC-plus Polyclonal Rabbit anti-Human Neurofibromin / NF1 Antibody	IHC-plus Polyclonal Rabbit anti-Human Neurofibromin / NF1 Antibody	Antibody		tool
CisNf1+/-; p53+/-	CisNf1+/-; p53+/-	Animal Model		tool
Neurofibromin (NF1) (NM_001042492) Human Untagged Clone	Neurofibromin (NF1) (NM_001042492) Human Untagged Clone	Genetic Reagent		tool
Anti-NF1 Antibody	Anti-NF1 Antibody	Antibody		tool
rrid:CVCL_1166	D-566MG	Cell Line	https://bioregistry.io/rrid:CVCL_1166	tool
rrid:CVCL_A1MD	MCRIi020-A	Cell Line	https://bioregistry.io/rrid:CVCL_A1MD	tool
rrid:CVCL_9Z73	GM09625	Cell Line	https://bioregistry.io/rrid:CVCL_9Z73	tool
MPNST-Nf1-002	MPNST-Nf1-002	Animal Model		tool
Dhh-Cre; Ptenflox/flox	Dhh-Cre; Ptenflox/flox	Animal Model		tool
rrid:Addgene_83144	Hs.KRAS4b G12S	Genetic Reagent	https://bioregistry.io/rrid:Addgene_83144	tool
rrid:Addgene_83163	Hs.KRAS4b R73K	Genetic Reagent	https://bioregistry.io/rrid:Addgene_83163	tool
rrid:CVCL_AA01	GM11601	Cell Line	https://bioregistry.io/rrid:CVCL_AA01	tool
rrid:CVCL_8817	SJNB-19	Cell Line	https://bioregistry.io/rrid:CVCL_8817	tool
rrid:CVCL_9Z90	GM09649	Cell Line	https://bioregistry.io/rrid:CVCL_9Z90	tool
rrid:CVCL_A3UD	HPS1313	Cell Line	https://bioregistry.io/rrid:CVCL_A3UD	tool
rrid:CVCL_RR32	GI-ME-NrVCR14	Cell Line	https://bioregistry.io/rrid:CVCL_RR32	tool
Schwann cell NF1 -/- with R681X mNf1 cDNA	Schwann cell NF1 -/- with R681X mNf1 cDNA	Cell Line		tool
rrid:CVCL_1U08	SK-MEL-538	Cell Line	https://bioregistry.io/rrid:CVCL_1U08	tool
rrid:CVCL_1465	NCI-H1373	Cell Line	https://bioregistry.io/rrid:CVCL_1465	tool
rrid:CVCL_6128	SK-MEL-256	Cell Line	https://bioregistry.io/rrid:CVCL_6128	tool
rrid:AB_2149673	Type 1 Neurofibromatosis Protein (NF1) Rabbit Polyclonal (N-Terminus) Antibody	Antibody	https://bioregistry.io/rrid:AB_2149673	tool
rrid:AB_385288	Anti-Neurofibromin antibody [McNFn27a]	Antibody	https://bioregistry.io/rrid:AB_385288	tool
HEK293 NF1 -/- Exon 47 insT #14	HEK293 NF1 -/- Exon 47 insT #14	Cell Line		tool
rrid:CVCL_9Z83	GM09636	Cell Line	https://bioregistry.io/rrid:CVCL_9Z83	tool
rrid:CVCL_HL12	GM21675	Cell Line	https://bioregistry.io/rrid:CVCL_HL12	tool
rrid:CVCL_1T60	SK-MEL-318	Cell Line	https://bioregistry.io/rrid:CVCL_1T60	tool
MPNST-SP-001	MPNST-SP-001	Animal Model		tool
rrid:CVCL_6109	SK-MEL-208	Cell Line	https://bioregistry.io/rrid:CVCL_6109	tool
rrid:CVCL_1T72	SK-MEL-413-2	Cell Line	https://bioregistry.io/rrid:CVCL_1T72	tool
Nf1adelta8 zebrafish	Nf1adelta8 zebrafish	Animal Model		tool
Nf1pArg1947mp1	Nf1pArg1947mp1	Animal Model		tool
rrid:CVCL_1S66	GM12517	Cell Line	https://bioregistry.io/rrid:CVCL_1S66	tool
rrid:CVCL_9X49	GM09887	Cell Line	https://bioregistry.io/rrid:CVCL_9X49	tool
NMS-PC	NMS-PC	Cell Line		tool
Mouse Anti-NF1 Recombinant Antibody (3C159)	Mouse Anti-NF1 Recombinant Antibody (3C159)	Antibody		tool
rrid:CVCL_UN11	3PNF_FiPSsv_PM_2	Cell Line	https://bioregistry.io/rrid:CVCL_UN11	tool
rrid:CVCL_B564	RG-137	Cell Line	https://bioregistry.io/rrid:CVCL_B564	tool
HEK293 NF1 -/- with R461X mNf1 cDNA	HEK293 NF1 -/- with R461X mNf1 cDNA	Cell Line		tool
N2150-02B Rabbit Anti-NF1, ID	N2150-02B Rabbit Anti-NF1, ID	Antibody		tool
rrid:CVCL_VU02	BJFF.6	Cell Line	https://bioregistry.io/rrid:CVCL_VU02	tool
Dhh-Cre; Nf1flox/flox; Ptenflox/flox	Dhh-Cre; Nf1flox/flox; Ptenflox/flox	Animal Model		tool
rrid:CVCL_3015	Lu-99	Cell Line	https://bioregistry.io/rrid:CVCL_3015	tool
rrid:CVCL_Y601	STR-I-443-NF1	Cell Line	https://bioregistry.io/rrid:CVCL_Y601	tool
rrid:Addgene_83138	Hs.KRAS4b S181E	Genetic Reagent	https://bioregistry.io/rrid:Addgene_83138	tool
rrid:CVCL_6054	SK-MEL-75	Cell Line	https://bioregistry.io/rrid:CVCL_6054	tool
rrid:CVCL_K029	YUZEAL	Cell Line	https://bioregistry.io/rrid:CVCL_K029	tool
rrid:CVCL_1128	COLO 668	Cell Line	https://bioregistry.io/rrid:CVCL_1128	tool
Nf1flox/-;hGFAP-Cre	Nf1flox/-;hGFAP-Cre	Animal Model		tool
CTF Biobank	CTF Biobank	Biobank		tool
rrid:AB_11190046	Monoclonal Mouse anti-Human Neurofibromin / NF1 Antibody (clone McNFn27a, Biotin, N-Terminus, WB)	Antibody	https://bioregistry.io/rrid:AB_11190046	tool
rrid:CVCL_6100	SK-MEL-191	Cell Line	https://bioregistry.io/rrid:CVCL_6100	tool
rrid:AB_2621126	Rabbit anti-NF1 Antibody, Affinity Purified	Antibody	https://bioregistry.io/rrid:AB_2621126	tool
rrid:CVCL_B9V9	28cNF	Cell Line	https://bioregistry.io/rrid:CVCL_B9V9	tool
JH-2-031	JH-2-031	Cell Line		tool
B3A.1	B3A.1	Antibody		tool
rrid:CVCL_1729	SW837	Cell Line	https://bioregistry.io/rrid:CVCL_1729	tool
rrid:CVCL_1718	SW1463	Cell Line	https://bioregistry.io/rrid:CVCL_1718	tool
rrid:CVCL_K006	YUDATE	Cell Line	https://bioregistry.io/rrid:CVCL_K006	tool
rrid:CVCL_VJ83	10CM	Cell Line	https://bioregistry.io/rrid:CVCL_VJ83	tool
dNf1 Drosophila	dNf1 Drosophila	Animal Model		tool
rrid:CVCL_D3CC	ipNF08.1.5	Cell Line	https://bioregistry.io/rrid:CVCL_D3CC	tool
Anti-NF1	Anti-NF1	Antibody		tool
rrid:CVCL_0428	MIA PaCa-2	Cell Line	https://bioregistry.io/rrid:CVCL_0428	tool
HEK293 NF1 -/- with R816X mNf1 cDNA	HEK293 NF1 -/- with R816X mNf1 cDNA	Cell Line		tool
rrid:CVCL_1T92	SK-MEL-459	Cell Line	https://bioregistry.io/rrid:CVCL_1T92	tool
Anti-phospho-NF1(Ser2515)/Cy7	Anti-phospho-NF1(Ser2515)/Cy7	Antibody		tool
Anti-Neurofibromin/NF1 Antibody Picoband (Monoclonal, 4F8B7)	Anti-Neurofibromin/NF1 Antibody Picoband (Monoclonal, 4F8B7)	Antibody		tool
rrid:AB_560294	NF1 Monoclonal Antibody (McNFn27a)	Antibody	https://bioregistry.io/rrid:AB_560294	tool
rrid:CVCL_B487	YUSIK	Cell Line	https://bioregistry.io/rrid:CVCL_B487	tool
NF11.1	NF11.1	Cell Line		tool
rrid:CVCL_9Z97	GM09691	Cell Line	https://bioregistry.io/rrid:CVCL_9Z97	tool
rrid:CVCL_C2NU	CPTC-NF1-1	Cell Line	https://bioregistry.io/rrid:CVCL_C2NU	tool
U87-NF1-419	U87-NF1-419	Cell Line		tool
rrid:CVCL_J532	YUCAL	Cell Line	https://bioregistry.io/rrid:CVCL_J532	tool
BTSC 232	BTSC 232	Cell Line		tool
rrid:AB_1851166	Neurofibromin 1 Antibody (McNFn27a) [DyLight 650]	Antibody	https://bioregistry.io/rrid:AB_1851166	tool
rrid:Addgene_83147	Hs.KRAS4b A146V	Genetic Reagent	https://bioregistry.io/rrid:Addgene_83147	tool
rrid:CVCL_EI18	YUZAZ	Cell Line	https://bioregistry.io/rrid:CVCL_EI18	tool
HEK293 NF1 -/- clone 2	HEK293 NF1 -/- clone 2	Cell Line		tool
rrid:Addgene_83155	Hs.KRAS4b K147Q	Genetic Reagent	https://bioregistry.io/rrid:Addgene_83155	tool
rrid:AB_2721069	Neurofibromin Antibody (E-8)	Antibody	https://bioregistry.io/rrid:AB_2721069	tool
anti-Neurofibromin 1 antibody (NF1)	anti-Neurofibromin 1 antibody (NF1)	Antibody		tool
rrid:CVCL_TA51	HAP1 NF1 (-) 1	Cell Line	https://bioregistry.io/rrid:CVCL_TA51	tool
rrid:CVCL_BA07	GM21843	Cell Line	https://bioregistry.io/rrid:CVCL_BA07	tool
rrid:CVCL_9Z64	GM09535	Cell Line	https://bioregistry.io/rrid:CVCL_9Z64	tool
rrid:CVCL_1Y71	1507.2	Cell Line	https://bioregistry.io/rrid:CVCL_1Y71	tool
rrid:MMRRC_059314-UCD	KOMP ES cell line Nf1<tm1e(KOMP)Wtsi>	Cell Line	https://bioregistry.io/rrid:MMRRC_059314-UCD	tool
Anti-NF1/Cy3	Anti-NF1/Cy3	Antibody		tool
rrid:CVCL_6112	SK-MEL-222	Cell Line	https://bioregistry.io/rrid:CVCL_6112	tool
rrid:AB_2513437	Anti-NF1 (aa 27-41) polyclonal antibody	Antibody	https://bioregistry.io/rrid:AB_2513437	tool
rrid:CVCL_6735	TM-31	Cell Line	https://bioregistry.io/rrid:CVCL_6735	tool
rrid:CVCL_3881	SU.86.86	Cell Line	https://bioregistry.io/rrid:CVCL_3881	tool
rrid:CVCL_1552	NCI-H2444	Cell Line	https://bioregistry.io/rrid:CVCL_1552	tool
rrid:CVCL_1T67	SK-MEL-406	Cell Line	https://bioregistry.io/rrid:CVCL_1T67	tool
Mouse Anti-NF1 Recombinant Antibody (F-2)	Mouse Anti-NF1 Recombinant Antibody (F-2)	Antibody		tool
rrid:CVCL_TA52	HAP1 NF1 (-) 2	Cell Line	https://bioregistry.io/rrid:CVCL_TA52	tool
rrid:CVCL_K004	YUCINJ	Cell Line	https://bioregistry.io/rrid:CVCL_K004	tool
Rabbit Anti-Neurofibromin / NF1 Antibody	Rabbit Anti-Neurofibromin / NF1 Antibody	Antibody		tool
rrid:IMSR_JAX:003724	B6.FVB-Tg(EIIa-cre)C5379Lmgd/J	Animal Model	https://bioregistry.io/rrid:IMSR_JAX:003724	tool
rrid:CVCL_J071	YUTICA	Cell Line	https://bioregistry.io/rrid:CVCL_J071	tool
rrid:CVCL_J523	YULONE	Cell Line	https://bioregistry.io/rrid:CVCL_J523	tool
miR-155 -/-;Nf1flox/flox ;DhhCre	miR-155 -/-;Nf1flox/flox ;DhhCre	Animal Model		tool
rrid:CVCL_1392	Lu-65	Cell Line	https://bioregistry.io/rrid:CVCL_1392	tool
Nf1flox/flox;P0A-cre-	Nf1flox/flox;P0A-cre-	Animal Model		tool
Neurofibromin siRNA and shRNA Plasmids	Neurofibromin siRNA and shRNA Plasmids	Genetic Reagent		tool
rrid:CVCL_1T75	SK-MEL-426	Cell Line	https://bioregistry.io/rrid:CVCL_1T75	tool
Nf1tm2.1Kest	Nf1tm2.1Kest	Animal Model		tool
rrid:CVCL_K001	YUAVEY	Cell Line	https://bioregistry.io/rrid:CVCL_K001	tool
rrid:IMSR_JAX:027678	B6;129-Trp53tm1Tyj Nf1tm1Tyj Suz12Gt(Betageo)1Khe/KcichJ	Animal Model	https://bioregistry.io/rrid:IMSR_JAX:027678	tool
Mouse Anti-Neurofibromin Antibody	Mouse Anti-Neurofibromin Antibody	Antibody		tool
C3HeB/FeJ-Nf1<Mhdadsk9>/Ieg	C3HeB/FeJ-Nf1<Mhdadsk9>/Ieg	Animal Model		tool
rrid:CVCL_1794	YAPC	Cell Line	https://bioregistry.io/rrid:CVCL_1794	tool
Dhh-Cre; Nf1flox/+; Ptenflox/+	Dhh-Cre; Nf1flox/+; Ptenflox/+	Animal Model		tool
rrid:CVCL_B8ZE	Abcam MCF-7 NF1 KO	Cell Line	https://bioregistry.io/rrid:CVCL_B8ZE	tool
Schwann cell NF1 -/- with R816X mNf1 cDNA	Schwann cell NF1 -/- with R816X mNf1 cDNA	Cell Line		tool
rrid:CVCL_9J79	DD2345	Cell Line	https://bioregistry.io/rrid:CVCL_9J79	tool
rrid:CVCL_6131	SK-MEL-264	Cell Line	https://bioregistry.io/rrid:CVCL_6131	tool
A68	A68	Cell Line		tool
Nf1Arg681*/+ ES	Nf1Arg681*/+ ES	Cell Line		tool
rrid:CVCL_DN29	MH/Nike	Cell Line	https://bioregistry.io/rrid:CVCL_DN29	tool
rrid:AB_385289	Anti-Neurofibromin antibody [McNFn27b]	Antibody	https://bioregistry.io/rrid:AB_385289	tool
C57BL/6JSmoc-Nf1tm1(flox)Smoc	C57BL/6JSmoc-Nf1tm1(flox)Smoc	Animal Model		tool
pADANS-NF1-5	pADANS-NF1-5	Genetic Reagent		tool
rrid:CVCL_1587	NCI-H747	Cell Line	https://bioregistry.io/rrid:CVCL_1587	tool
rrid:CVCL_0237	Capan-1	Cell Line	https://bioregistry.io/rrid:CVCL_0237	tool
rrid:CVCL_1300	HuP-T4	Cell Line	https://bioregistry.io/rrid:CVCL_1300	tool
rrid:CVCL_3875	SK-MEL-110	Cell Line	https://bioregistry.io/rrid:CVCL_3875	tool
rrid:CVCL_UI75	hTERT NF1 sipnNF95.12B	Cell Line	https://bioregistry.io/rrid:CVCL_UI75	tool
rrid:CVCL_UN16	7PNF_SiPSrv_PM_12	Cell Line	https://bioregistry.io/rrid:CVCL_UN16	tool
rrid:CVCL_1U05	SK-MEL-524	Cell Line	https://bioregistry.io/rrid:CVCL_1U05	tool
rrid:CVCL_K281	sNF96.2	Cell Line	https://bioregistry.io/rrid:CVCL_K281	tool
rrid:CVCL_J535	YUNIBO	Cell Line	https://bioregistry.io/rrid:CVCL_J535	tool
WA15a polyclonal neurofibromin antibod	WA15a polyclonal neurofibromin antibod	Antibody		tool
rrid:CVCL_6165	SK-MEL-369	Cell Line	https://bioregistry.io/rrid:CVCL_6165	tool
rrid:CVCL_6115	SK-MEL-229	Cell Line	https://bioregistry.io/rrid:CVCL_6115	tool
rrid:AB_10917131	NF1 (phospho-Ser2741) antibody (FITC)	Antibody	https://bioregistry.io/rrid:AB_10917131	tool
Anti-phospho-NF1(Ser2817)/APC	Anti-phospho-NF1(Ser2817)/APC	Antibody		tool
rrid:Addgene_83176	Hs.NRAS G12D	Genetic Reagent	https://bioregistry.io/rrid:Addgene_83176	tool
rrid:CVCL_EI17	YUGATOR	Cell Line	https://bioregistry.io/rrid:CVCL_EI17	tool
rrid:Addgene_83177	Hs.NRAS G13D	Genetic Reagent	https://bioregistry.io/rrid:Addgene_83177	tool
rrid:Addgene_83159	Hs.KRAS4b Y40C	Genetic Reagent	https://bioregistry.io/rrid:Addgene_83159	tool
rrid:CVCL_6152	SK-MEL-323	Cell Line	https://bioregistry.io/rrid:CVCL_6152	tool
rrid:MMRRC_059313-UCD	KOMP ES cell line Nf1<tm1a(KOMP)Wtsi>	Cell Line	https://bioregistry.io/rrid:MMRRC_059313-UCD	tool
rrid:CVCL_G326	YUHEF	Cell Line	https://bioregistry.io/rrid:CVCL_G326	tool
rrid:CVCL_B9V8	icNF98.4d	Cell Line	https://bioregistry.io/rrid:CVCL_B9V8	tool
rrid:AB_2621125	Rabbit anti-NF1 Antibody, Affinity Purified	Antibody	https://bioregistry.io/rrid:AB_2621125	tool
rrid:Addgene_83180	Hs.NRAS Q61K	Genetic Reagent	https://bioregistry.io/rrid:Addgene_83180	tool
B3A antiserum	B3A antiserum	Antibody		tool
rrid:CVCL_9Z94	GM09688	Cell Line	https://bioregistry.io/rrid:CVCL_9Z94	tool
KRAS cDNA ORF Clone, Mouse, C-HA tag	KRAS cDNA ORF Clone, Mouse, C-HA tag	Genetic Reagent		tool
rrid:CVCL_1232	GI-ME-N	Cell Line	https://bioregistry.io/rrid:CVCL_1232	tool
rrid:CVCL_UI70	hTERT NF1 ipNF95.6	Cell Line	https://bioregistry.io/rrid:CVCL_UI70	tool
pADANS-NF1-19	pADANS-NF1-19	Genetic Reagent		tool
Nf14F/Arg681*;CAGGCre-ERTM	Nf14F/Arg681*;CAGGCre-ERTM	Animal Model		tool
rrid:CVCL_1T78	SK-MEL-430	Cell Line	https://bioregistry.io/rrid:CVCL_1T78	tool
HEK293 NF1 -/- Exon 17 #A15 G629R cryptic splice	HEK293 NF1 -/- Exon 17 #A15 G629R cryptic splice	Cell Line		tool
HEK293 NF1 -/- with R192X mNf1 cDNA	HEK293 NF1 -/- with R192X mNf1 cDNA	Cell Line		tool
rrid:AB_10823334	Neurofibromin 1 antibody (N-Term)	Antibody	https://bioregistry.io/rrid:AB_10823334	tool
rrid:CVCL_1495	NCI-H1792	Cell Line	https://bioregistry.io/rrid:CVCL_1495	tool
rrid:CVCL_D3C7	icNF09.5	Cell Line	https://bioregistry.io/rrid:CVCL_D3C7	tool
rrid:CVCL_8717	HS-PSS	Cell Line	https://bioregistry.io/rrid:CVCL_8717	tool
Nf1aL1247X zebrafish	Nf1aL1247X zebrafish	Animal Model		tool
rrid:AB_1678457	Mouse Anti-NF1 Monoclonal Antibody, Unconjugated, Clone McNFn27a	Antibody	https://bioregistry.io/rrid:AB_1678457	tool
rrid:CVCL_9Z74	GM09627	Cell Line	https://bioregistry.io/rrid:CVCL_9Z74	tool
rrid:CVCL_J527	YUSTE	Cell Line	https://bioregistry.io/rrid:CVCL_J527	tool
rrid:CVCL_6132	SK-MEL-265	Cell Line	https://bioregistry.io/rrid:CVCL_6132	tool
rrid:CVCL_8818	SJNB-2	Cell Line	https://bioregistry.io/rrid:CVCL_8818	tool
rrid:CVCL_1T87	SK-MEL-447	Cell Line	https://bioregistry.io/rrid:CVCL_1T87	tool
rrid:CVCL_J069	YUPLA	Cell Line	https://bioregistry.io/rrid:CVCL_J069	tool
Nf1P1/Nf1E1 Drosophila	Nf1P1/Nf1E1 Drosophila	Animal Model		tool
rrid:CVCL_0629	SK-LU-1	Cell Line	https://bioregistry.io/rrid:CVCL_0629	tool
Anti-phospho-NF1(Ser2817)/PE-Cy7	Anti-phospho-NF1(Ser2817)/PE-Cy7	Antibody		tool
rrid:CVCL_0B19	OSW	Cell Line	https://bioregistry.io/rrid:CVCL_0B19	tool
rrid:CVCL_6138	SK-MEL-272	Cell Line	https://bioregistry.io/rrid:CVCL_6138	tool
rrid:CVCL_K024	YUSWI	Cell Line	https://bioregistry.io/rrid:CVCL_K024	tool
Neurofibromin specific antibody	Neurofibromin specific antibody	Antibody		tool
rrid:CVCL_BA11	GM22279	Cell Line	https://bioregistry.io/rrid:CVCL_BA11	tool
rrid:CVCL_A3UG	HPS1316	Cell Line	https://bioregistry.io/rrid:CVCL_A3UG	tool
Neurofibromin (NF1) (NM_001128147) Human Tagged ORF Clone	Neurofibromin (NF1) (NM_001128147) Human Tagged ORF Clone	Genetic Reagent		tool
rrid:CVCL_9Z63	GM09534	Cell Line	https://bioregistry.io/rrid:CVCL_9Z63	tool
rrid:CVCL_9Z67	GM09616	Cell Line	https://bioregistry.io/rrid:CVCL_9Z67	tool
rrid:CVCL_B1YJ	Abcam HeLa NF1 KO	Cell Line	https://bioregistry.io/rrid:CVCL_B1YJ	tool
rrid:Addgene_83169	Hs.KRAS4a G12V	Genetic Reagent	https://bioregistry.io/rrid:Addgene_83169	tool
rrid:CVCL_9Z86	GM09639	Cell Line	https://bioregistry.io/rrid:CVCL_9Z86	tool
pMAL.HF3A.X fusion-protein antiserum	pMAL.HF3A.X fusion-protein antiserum	Antibody		tool
rrid:CVCL_6022	SK-MEL-13	Cell Line	https://bioregistry.io/rrid:CVCL_6022	tool
rrid:CVCL_6073	SK-MEL-109	Cell Line	https://bioregistry.io/rrid:CVCL_6073	tool
rrid:CVCL_3877	SK-MEL-21	Cell Line	https://bioregistry.io/rrid:CVCL_3877	tool
rrid:Addgene_83136	Hs.KRAS4b S181A	Genetic Reagent	https://bioregistry.io/rrid:Addgene_83136	tool
rrid:CVCL_C0BJ	Abcam U-87MG SNCA KO	Cell Line	https://bioregistry.io/rrid:CVCL_C0BJ	tool
rrid:CVCL_U911	SK-MEL-215-1	Cell Line	https://bioregistry.io/rrid:CVCL_U911	tool
rrid:Addgene_83162	Hs.KRAS4b R73E	Genetic Reagent	https://bioregistry.io/rrid:Addgene_83162	tool
Nf1flox/flox;Islet1-Cre	Nf1flox/flox;Islet1-Cre	Animal Model		tool
rrid:CVCL_1T98	SK-MEL-483	Cell Line	https://bioregistry.io/rrid:CVCL_1T98	tool
Schwann cell NF1 -/- (iPN97.4 #24)	Schwann cell NF1 -/- (iPN97.4 #24)	Cell Line		tool
rrid:CVCL_G323	YUDOSO	Cell Line	https://bioregistry.io/rrid:CVCL_G323	tool
rrid:CVCL_6964	SK-MEL-15	Cell Line	https://bioregistry.io/rrid:CVCL_6964	tool
c.3431-32_dupGT NF1-mutant hiPSCs	c.3431-32_dupGT NF1-mutant hiPSCs	Cell Line		tool
rrid:AB_444142	Rabbit Anti-Neurofibromin Polyclonal Antibody, Unconjugated	Antibody	https://bioregistry.io/rrid:AB_444142	tool
rrid:CVCL_6091	SK-MEL-174	Cell Line	https://bioregistry.io/rrid:CVCL_6091	tool
Anti-NF1/Cy5	Anti-NF1/Cy5	Antibody		tool
rrid:Addgene_83188	Hs.HRAS Q61R	Genetic Reagent	https://bioregistry.io/rrid:Addgene_83188	tool
rrid:CVCL_4432	PNET-2	Cell Line	https://bioregistry.io/rrid:CVCL_4432	tool
rrid:AB_560293	NF1 Monoclonal Antibody (McNFn27b)	Antibody	https://bioregistry.io/rrid:AB_560293	tool
rrid:CVCL_B9V4	icNF97.2b	Cell Line	https://bioregistry.io/rrid:CVCL_B9V4	tool
Schwann cell NF1 -/- with WT tagged mNf1 cDNA	Schwann cell NF1 -/- with WT tagged mNf1 cDNA	Cell Line		tool
rrid:CVCL_1T63	SK-MEL-393	Cell Line	https://bioregistry.io/rrid:CVCL_1T63	tool
rrid:CVCL_A1MG	MCRIi023-A	Cell Line	https://bioregistry.io/rrid:CVCL_A1MG	tool
Anti-phospho-NF1(Ser2817)/AP	Anti-phospho-NF1(Ser2817)/AP	Antibody		tool
anti-Neurofibromin 1 antibody (NF1) AA 2719-2818	anti-Neurofibromin 1 antibody (NF1) AA 2719-2818	Antibody		tool
Nf1b+10 zebrafish	Nf1b+10 zebrafish	Animal Model		tool
Nf1flox/floxRac1flox/flox;PostnCre(+)	Nf1flox/floxRac1flox/flox;PostnCre(+)	Animal Model		tool
rrid:CVCL_UI69	hTERT NF1 ipnNF95.11c	Cell Line	https://bioregistry.io/rrid:CVCL_UI69	tool
rrid:CVCL_1T71	SK-MEL-412Parotid	Cell Line	https://bioregistry.io/rrid:CVCL_1T71	tool
Anti-NF1/PE-Cy5	Anti-NF1/PE-Cy5	Antibody		tool
rrid:CVCL_3695	HBE135-E6E7	Cell Line	https://bioregistry.io/rrid:CVCL_3695	tool
rrid:CVCL_D854	SK-MEL-7	Cell Line	https://bioregistry.io/rrid:CVCL_D854	tool
rrid:CVCL_6053	SK-MEL-73	Cell Line	https://bioregistry.io/rrid:CVCL_6053	tool
rrid:CVCL_UI72	hTERT NF1 ipNF05.5 (Mixed clones)	Cell Line	https://bioregistry.io/rrid:CVCL_UI72	tool
rrid:CVCL_E092	SK-MEL-315-05	Cell Line	https://bioregistry.io/rrid:CVCL_E092	tool
rrid:AB_2512317	Anti-NF1 (C-terminal) polyclonal antibody	Antibody	https://bioregistry.io/rrid:AB_2512317	tool
rrid:Addgene_83175	Hs.NRAS G12C	Genetic Reagent	https://bioregistry.io/rrid:Addgene_83175	tool
rrid:Addgene_119200	pAMP-CY1_NF1 T1 (+minintr, KDR)	Genetic Reagent	https://bioregistry.io/rrid:Addgene_119200	tool
rrid:CVCL_1531	NCI-H2122	Cell Line	https://bioregistry.io/rrid:CVCL_1531	tool
Hras (NM_001130443) Mouse Untagged Clone	Hras (NM_001130443) Mouse Untagged Clone	Genetic Reagent		tool
rrid:AB_2479916	Anti-NF1 monoclonal antibody, clone NdOGo38c	Antibody	https://bioregistry.io/rrid:AB_2479916	tool
rrid:CVCL_1499	NCI-H1838	Cell Line	https://bioregistry.io/rrid:CVCL_1499	tool
rrid:CVCL_6021	SK-MEL-12	Cell Line	https://bioregistry.io/rrid:CVCL_6021	tool
rrid:CVCL_6151	SK-MEL-316	Cell Line	https://bioregistry.io/rrid:CVCL_6151	tool
rrid:AB_2149669	Type 1 Neurofibromatosis Protein (NF1) Mouse anti-Human Monoclonal (aa27-41) (McNFn27) Antibody	Antibody	https://bioregistry.io/rrid:AB_2149669	tool
129T2/SvEmsJ::C57Bl/6NTac Nf1+/-	129T2/SvEmsJ::C57Bl/6NTac Nf1+/-	Animal Model		tool
rrid:CVCL_TA53	HAP1 NF1 (-) 3	Cell Line	https://bioregistry.io/rrid:CVCL_TA53	tool
rrid:CVCL_UI77	hTERT NF1 ipNF03.3	Cell Line	https://bioregistry.io/rrid:CVCL_UI77	tool
Nf1 heterozygous mutant minipig	Nf1 heterozygous mutant minipig	Animal Model		tool
rrid:CVCL_J356	MPNST-91	Cell Line	https://bioregistry.io/rrid:CVCL_J356	tool
NF1flox4/Arg681*;Dhh-Cre	NF1flox4/Arg681*;Dhh-Cre	Animal Model		tool
rrid:CVCL_C0W3	GWH04	Cell Line	https://bioregistry.io/rrid:CVCL_C0W3	tool
Neurofibromin (NF1) (NM_001128147) Human Untagged Clone	Neurofibromin (NF1) (NM_001128147) Human Untagged Clone	Genetic Reagent		tool
Kras (NM_021284) Mouse Tagged ORF Clone	Kras (NM_021284) Mouse Tagged ORF Clone	Genetic Reagent		tool
rrid:CVCL_1442	SJNB-12	Cell Line	https://bioregistry.io/rrid:CVCL_1442	tool
Rabbit Anti-phospho-NF1 Antibody	Rabbit Anti-phospho-NF1 Antibody	Antibody		tool
PC (2435-2745)	PC (2435-2745)	Antibody		tool
rrid:CVCL_1T88	SK-MEL-451	Cell Line	https://bioregistry.io/rrid:CVCL_1T88	tool
rrid:CVCL_8480	4/30PRR	Cell Line	https://bioregistry.io/rrid:CVCL_8480	tool
anti-Neurofibromin 1 antibody (NF1) Internal Region	anti-Neurofibromin 1 antibody (NF1) Internal Region	Antibody		tool
rrid:AB_1842657	Monoclonal Anti-NF1 antibody produced in mouse	Antibody	https://bioregistry.io/rrid:AB_1842657	tool
rrid:CVCL_1T84	SK-MEL-444	Cell Line	https://bioregistry.io/rrid:CVCL_1T84	tool
rrid:CVCL_8825	SJNB-8	Cell Line	https://bioregistry.io/rrid:CVCL_8825	tool
rrid:CVCL_9Z99	GM09693	Cell Line	https://bioregistry.io/rrid:CVCL_9Z99	tool
rrid:CVCL_2690	PEO4	Cell Line	https://bioregistry.io/rrid:CVCL_2690	tool
rrid:AB_10744770	Anti-NF1 antibody produced in rabbit	Antibody	https://bioregistry.io/rrid:AB_10744770	tool
Nf1flox/flox;Krox20-Cre	Nf1flox/flox;Krox20-Cre	Animal Model		tool
ptrcNF1–333	ptrcNF1–333	Genetic Reagent		tool
rrid:AB_11141828	Neurofibromin antibody	Antibody	https://bioregistry.io/rrid:AB_11141828	tool
rrid:CVCL_6167	SK-MEL-381	Cell Line	https://bioregistry.io/rrid:CVCL_6167	tool
BTSC 3047	BTSC 3047	Cell Line		tool
rrid:CVCL_A3RL	HPS2251	Cell Line	https://bioregistry.io/rrid:CVCL_A3RL	tool
Neurofibromin 1 Antibody	Neurofibromin 1 Antibody	Antibody		tool
Nf1 (NM_012609) Rat Untagged Clone	Nf1 (NM_012609) Rat Untagged Clone	Genetic Reagent		tool
rrid:CVCL_IU70	ST88-3	Cell Line	https://bioregistry.io/rrid:CVCL_IU70	tool
Nf1+/R681X	Nf1+/R681X	Animal Model		tool
rrid:CVCL_EI16	YUSIPU	Cell Line	https://bioregistry.io/rrid:CVCL_EI16	tool
Nf1+/Arg681	Nf1+/Arg681	Animal Model		tool
rrid:CVCL_6153	SK-MEL-325	Cell Line	https://bioregistry.io/rrid:CVCL_6153	tool
rrid:CVCL_9Z71	GM09621	Cell Line	https://bioregistry.io/rrid:CVCL_9Z71	tool
delta-ira1 delta-ira2 yeast	delta-ira1 delta-ira2 yeast	Animal Model		tool
rrid:CVCL_AU19	MPNST-642	Cell Line	https://bioregistry.io/rrid:CVCL_AU19	tool
rrid:CVCL_2141	NGP	Cell Line	https://bioregistry.io/rrid:CVCL_2141	tool
N10	N10	Cell Line		tool
rrid:CVCL_B653	RG-235	Cell Line	https://bioregistry.io/rrid:CVCL_B653	tool
pENTER-CMV-HRASv2	pENTER-CMV-HRASv2	Genetic Reagent		tool
rrid:CVCL_6036	SK-MEL-39	Cell Line	https://bioregistry.io/rrid:CVCL_6036	tool
His6-MBP-tev-KRAS4b	His6-MBP-tev-KRAS4b	Genetic Reagent		tool
rrid:Addgene_119203	pAMP-CY1_NF1 T2 R1276P (+minintr, KDR)	Genetic Reagent	https://bioregistry.io/rrid:Addgene_119203	tool
rrid:CVCL_K014	YULAXER	Cell Line	https://bioregistry.io/rrid:CVCL_K014	tool
WZJ	WZJ	Cell Line		tool
Anti-phospho-NF1(Ser2515)/PE-Cy5	Anti-phospho-NF1(Ser2515)/PE-Cy5	Antibody		tool
pX330-NF1 E1	pX330-NF1 E1	Genetic Reagent		tool
rrid:CVCL_6114	SK-MEL-228	Cell Line	https://bioregistry.io/rrid:CVCL_6114	tool
Nf1E1 Drosophila	Nf1E1 Drosophila	Animal Model		tool
rrid:Addgene_83141	Hs.KRAS4b M188L	Genetic Reagent	https://bioregistry.io/rrid:Addgene_83141	tool
B6/JGpt-Nf1<em39Cd7411in2>/Gpt	B6/JGpt-Nf1<em39Cd7411in2>/Gpt	Animal Model		tool
rrid:CVCL_6113	SK-MEL-227	Cell Line	https://bioregistry.io/rrid:CVCL_6113	tool
PlpCre;Nf1flox/+	PlpCre;Nf1flox/+	Animal Model		tool
Anti-phospho-NF1(Ser2515)/PE-Cy3	Anti-phospho-NF1(Ser2515)/PE-Cy3	Antibody		tool
B6;CBA-Nf1<em1Flmg>/Flmg	B6;CBA-Nf1<em1Flmg>/Flmg	Animal Model		tool
rrid:AB_10000890	Neurofibromin 1 Antibody	Antibody	https://bioregistry.io/rrid:AB_10000890	tool
rrid:AB_10934846	NF1 (phospho-Ser2741) antibody	Antibody	https://bioregistry.io/rrid:AB_10934846	tool
rrid:CVCL_1U00	SK-MEL-498	Cell Line	https://bioregistry.io/rrid:CVCL_1U00	tool
rrid:CVCL_J518	YUCLAT	Cell Line	https://bioregistry.io/rrid:CVCL_J518	tool
rrid:CVCL_0555	T84	Cell Line	https://bioregistry.io/rrid:CVCL_0555	tool
rrid:CVCL_K019	YURDE	Cell Line	https://bioregistry.io/rrid:CVCL_K019	tool
rrid:CVCL_6088	SK-MEL-161	Cell Line	https://bioregistry.io/rrid:CVCL_6088	tool
rrid:CVCL_6163	SK-MEL-366	Cell Line	https://bioregistry.io/rrid:CVCL_6163	tool
Nf1a+/-; Nf1b-/-; p53e7/e7 zebrafish	Nf1a+/-; Nf1b-/-; p53e7/e7 zebrafish	Animal Model		tool
Nf1 Arg681*/Arg681*	Nf1 Arg681*/Arg681*	Animal Model		tool
rrid:Addgene_83166	Hs.KRAS4a	Genetic Reagent	https://bioregistry.io/rrid:Addgene_83166	tool
rrid:AB_11190217	Monoclonal Mouse anti-Human Neurofibromin / NF1 Antibody (clone McNFn27a, DY650, N-Terminus, WB)	Antibody	https://bioregistry.io/rrid:AB_11190217	tool
rrid:CVCL_UN12	3PNF_SiPSsv_MM_11	Cell Line	https://bioregistry.io/rrid:CVCL_UN12	tool
rrid:CVCL_UI66	hTERT SC ipn97.4	Cell Line	https://bioregistry.io/rrid:CVCL_UI66	tool
rrid:CVCL_AX35	S520	Cell Line	https://bioregistry.io/rrid:CVCL_AX35	tool
rrid:CVCL_G329	YUKOLI	Cell Line	https://bioregistry.io/rrid:CVCL_G329	tool
rrid:CVCL_0626	SK-CO-1	Cell Line	https://bioregistry.io/rrid:CVCL_0626	tool
rrid:AB_10920593	Anti-TFYY1 (NF1), IgG fraction (monoclonal)	Antibody	https://bioregistry.io/rrid:AB_10920593	tool
Dhh-Cre; NF1Arg681*/flox Schwann Cells	Dhh-Cre; NF1Arg681*/flox Schwann Cells	Cell Line		tool
Anti-phospho-NF1(Ser2515)/AP	Anti-phospho-NF1(Ser2515)/AP	Antibody		tool
rrid:AB_11146409	anti Neurofibromin antibody	Antibody	https://bioregistry.io/rrid:AB_11146409	tool
rrid:CVCL_AU20	MPNST 724	Cell Line	https://bioregistry.io/rrid:CVCL_AU20	tool
rrid:CVCL_0531	SK-N-SH	Cell Line	https://bioregistry.io/rrid:CVCL_0531	tool
Nf1tm1a(KOMP)Wtsi	Nf1tm1a(KOMP)Wtsi	Animal Model		tool
HRAS (H. sapiens) In pANT7_cGST	HRAS (H. sapiens) In pANT7_cGST	Genetic Reagent		tool
rrid:CVCL_A5PQ	NB90-4	Cell Line	https://bioregistry.io/rrid:CVCL_A5PQ	tool
rrid:CVCL_1T79	SK-MEL-431	Cell Line	https://bioregistry.io/rrid:CVCL_1T79	tool
rrid:CVCL_9Z58	GM01858	Cell Line	https://bioregistry.io/rrid:CVCL_9Z58	tool
rrid:CVCL_D3CA	icNF97.5	Cell Line	https://bioregistry.io/rrid:CVCL_D3CA	tool
Anti-phospho-NF1(Ser2515)/Gold	Anti-phospho-NF1(Ser2515)/Gold	Antibody		tool
Nf1Gly848Arg/Gly848Arg	Nf1Gly848Arg/Gly848Arg	Animal Model		tool
rrid:CVCL_6120	SK-MEL-237	Cell Line	https://bioregistry.io/rrid:CVCL_6120	tool
rrid:CVCL_YU13	NCC-MPNST2-C1	Cell Line	https://bioregistry.io/rrid:CVCL_YU13	tool
rrid:CVCL_1B47	90-8	Cell Line	https://bioregistry.io/rrid:CVCL_1B47	tool
c.5425C > T NF1-mutant hiPSCs	c.5425C > T NF1-mutant hiPSCs	Cell Line		tool
rrid:CVCL_6048	SK-MEL-64	Cell Line	https://bioregistry.io/rrid:CVCL_6048	tool
rrid:CVCL_K025	YUTER	Cell Line	https://bioregistry.io/rrid:CVCL_K025	tool
Rabbit Anti-NF1 Recombinant Antibody (D7R7D)	Rabbit Anti-NF1 Recombinant Antibody (D7R7D)	Antibody		tool
rrid:CVCL_9T23	GM09886	Cell Line	https://bioregistry.io/rrid:CVCL_9T23	tool
Anti-NF1/Cy5.5	Anti-NF1/Cy5.5	Antibody		tool
c.6619C > T NF1-mutant hiPSCs	c.6619C > T NF1-mutant hiPSCs	Cell Line		tool
rrid:CVCL_EI24	YUZEST	Cell Line	https://bioregistry.io/rrid:CVCL_EI24	tool
Anti-Neurofibromin NF-1 Antibody, clone NF1-A 376G3	Anti-Neurofibromin NF-1 Antibody, clone NF1-A 376G3	Antibody		tool
rrid:CVCL_6164	SK-MEL-367	Cell Line	https://bioregistry.io/rrid:CVCL_6164	tool
NF1‐iN	NF1‐iN	Cell Line		tool
rrid:CVCL_9Z85	GM09638	Cell Line	https://bioregistry.io/rrid:CVCL_9Z85	tool
rrid:CVCL_2450	GP2d	Cell Line	https://bioregistry.io/rrid:CVCL_2450	tool
rrid:CVCL_6126	SK-MEL-246	Cell Line	https://bioregistry.io/rrid:CVCL_6126	tool
rrid:CVCL_0399	LoVo	Cell Line	https://bioregistry.io/rrid:CVCL_0399	tool
Nf1tm1c(KOMP)Wtsi	Nf1tm1c(KOMP)Wtsi	Animal Model		tool
rrid:CVCL_6105	SK-MEL-200	Cell Line	https://bioregistry.io/rrid:CVCL_6105	tool
Nf1flox/mut; NG2-Cre	Nf1flox/mut; NG2-Cre	Animal Model		tool
Nf14F/Arg681*	Nf14F/Arg681*	Animal Model		tool
rrid:CVCL_8824	SJNB-7	Cell Line	https://bioregistry.io/rrid:CVCL_8824	tool
Nf1adelta5 zebrafish	Nf1adelta5 zebrafish	Animal Model		tool
rrid:CVCL_K027	YUWALI	Cell Line	https://bioregistry.io/rrid:CVCL_K027	tool
rrid:CVCL_6145	SK-MEL-284	Cell Line	https://bioregistry.io/rrid:CVCL_6145	tool
rrid:Addgene_83152	Hs.KRAS4b K104A	Genetic Reagent	https://bioregistry.io/rrid:Addgene_83152	tool
rrid:CVCL_9Z81	GM09634	Cell Line	https://bioregistry.io/rrid:CVCL_9Z81	tool
rrid:CVCL_6F53	GM09694	Cell Line	https://bioregistry.io/rrid:CVCL_6F53	tool
rrid:CVCL_K026	YUWAGE	Cell Line	https://bioregistry.io/rrid:CVCL_K026	tool
Anti-phospho-NF1(Ser2515)/RBITC	Anti-phospho-NF1(Ser2515)/RBITC	Antibody		tool
rrid:CVCL_A3RM	HPS2252	Cell Line	https://bioregistry.io/rrid:CVCL_A3RM	tool
Anti-NF1/RBITC	Anti-NF1/RBITC	Antibody		tool
Anti-phospho-NF1(Ser2515)/Cy3	Anti-phospho-NF1(Ser2515)/Cy3	Antibody		tool
pTHN	pTHN	Genetic Reagent		tool
rrid:CVCL_BA08	GM21844	Cell Line	https://bioregistry.io/rrid:CVCL_BA08	tool
Anti-Neurofibromin Antibody	Anti-Neurofibromin Antibody	Antibody		tool
rrid:CVCL_B9V7	icNF98.4c	Cell Line	https://bioregistry.io/rrid:CVCL_B9V7	tool
rrid:IMSR_JAX:007923	B6.129S1-Nf1tm1Cbr/J	Animal Model	https://bioregistry.io/rrid:IMSR_JAX:007923	tool
rrid:CVCL_9Z93	GM09652	Cell Line	https://bioregistry.io/rrid:CVCL_9Z93	tool
Cre(Col2.3Cre)	Cre(Col2.3Cre)	Animal Model		tool
rrid:CVCL_1652	RERF-LC-Ad2	Cell Line	https://bioregistry.io/rrid:CVCL_1652	tool
rrid:Addgene_83151	Hs.KRAS4b Y64A	Genetic Reagent	https://bioregistry.io/rrid:Addgene_83151	tool
rrid:CVCL_G324	YUFIC	Cell Line	https://bioregistry.io/rrid:CVCL_G324	tool
rrid:CVCL_B9VA	i28cNF	Cell Line	https://bioregistry.io/rrid:CVCL_B9VA	tool
rrid:CVCL_9Z72	GM09622	Cell Line	https://bioregistry.io/rrid:CVCL_9Z72	tool
NF1SynIKO	NF1SynIKO	Animal Model		tool
Nf1flox/-; GFAP-Cre; Cx3cr1+/gfp	Nf1flox/-; GFAP-Cre; Cx3cr1+/gfp	Animal Model		tool
rrid:CVCL_EI14	YUCHIME	Cell Line	https://bioregistry.io/rrid:CVCL_EI14	tool
rrid:Addgene_83139	Hs.KRAS4b C185S	Genetic Reagent	https://bioregistry.io/rrid:Addgene_83139	tool
rrid:CVCL_6102	SK-MEL-196	Cell Line	https://bioregistry.io/rrid:CVCL_6102	tool
rrid:CVCL_6121	SK-MEL-238	Cell Line	https://bioregistry.io/rrid:CVCL_6121	tool
Anti-Neurofibromin/NF1 Antibody	Anti-Neurofibromin/NF1 Antibody	Antibody		tool
rrid:CVCL_CW86	GM23312	Cell Line	https://bioregistry.io/rrid:CVCL_CW86	tool
rrid:CVCL_K280	sNF02.2	Cell Line	https://bioregistry.io/rrid:CVCL_K280	tool
rrid:CVCL_1T69	SK-MEL-410	Cell Line	https://bioregistry.io/rrid:CVCL_1T69	tool
rrid:CVCL_8067	T3M-10	Cell Line	https://bioregistry.io/rrid:CVCL_8067	tool
NF1-R68X Embryonic cells	NF1-R68X Embryonic cells	Cell Line		tool
Nf1flox/-;Col2.3Cre(+)	Nf1flox/-;Col2.3Cre(+)	Animal Model		tool
rrid:Addgene_83142	Hs.KRAS4b G12A	Genetic Reagent	https://bioregistry.io/rrid:Addgene_83142	tool
rrid:CVCL_0D24	CML-6M	Cell Line	https://bioregistry.io/rrid:CVCL_0D24	tool
anti-Neurofibromin 1 antibody (NF1) AA 1551-1600	anti-Neurofibromin 1 antibody (NF1) AA 1551-1600	Antibody		tool
rrid:CVCL_6144	SK-MEL-283	Cell Line	https://bioregistry.io/rrid:CVCL_6144	tool
Nf1flox/flox;Rac1flox/+;PostnCre(+)	Nf1flox/flox;Rac1flox/+;PostnCre(+)	Animal Model		tool
rrid:CVCL_F182	GM23338	Cell Line	https://bioregistry.io/rrid:CVCL_F182	tool
rrid:CVCL_A747	YUSIT1	Cell Line	https://bioregistry.io/rrid:CVCL_A747	tool
Nf1a+/-; Nf1b-/-; p53m/m; sox10:mCherry zebrafish	Nf1a+/-; Nf1b-/-; p53m/m; sox10:mCherry zebrafish	Animal Model		tool
rrid:CVCL_6150	SK-MEL-307	Cell Line	https://bioregistry.io/rrid:CVCL_6150	tool
Nf1 Δ4/Δ4	Nf1 Δ4/Δ4	Animal Model		tool
rrid:CVCL_PR85	BayGenomics ES cell line XF344	Cell Line	https://bioregistry.io/rrid:CVCL_PR85	tool
rrid:CVCL_1R98	GM10659	Cell Line	https://bioregistry.io/rrid:CVCL_1R98	tool
NF1 in pET15_NESG	NF1 in pET15_NESG	Genetic Reagent		tool
rrid:CVCL_1119	CFPAC-1	Cell Line	https://bioregistry.io/rrid:CVCL_1119	tool
Spred1+/-	Spred1+/-	Animal Model		tool
rrid:CVCL_1T66	SK-MEL-400	Cell Line	https://bioregistry.io/rrid:CVCL_1T66	tool
Mouse Anti-NF1 Recombinant Antibody (2D1)	Mouse Anti-NF1 Recombinant Antibody (2D1)	Antibody		tool
anti-Neurofibromin Antibody	anti-Neurofibromin Antibody	Antibody		tool
rrid:CVCL_B566	RG-139	Cell Line	https://bioregistry.io/rrid:CVCL_B566	tool
rrid:CVCL_0313	HPAF-II	Cell Line	https://bioregistry.io/rrid:CVCL_0313	tool
rrid:CVCL_6087	SK-MEL-153	Cell Line	https://bioregistry.io/rrid:CVCL_6087	tool
rrid:AB_628008	Neurofibromin (McNFn27a) antibody	Antibody	https://bioregistry.io/rrid:AB_628008	tool
rrid:CVCL_5192	YST-1	Cell Line	https://bioregistry.io/rrid:CVCL_5192	tool
rrid:CVCL_6124	SK-MEL-244	Cell Line	https://bioregistry.io/rrid:CVCL_6124	tool
rrid:CVCL_1731	SW900	Cell Line	https://bioregistry.io/rrid:CVCL_1731	tool
rrid:CVCL_UI76	hTERT NF1 ipNF00.6	Cell Line	https://bioregistry.io/rrid:CVCL_UI76	tool
rrid:CVCL_6104	SK-MEL-199	Cell Line	https://bioregistry.io/rrid:CVCL_6104	tool
rrid:CVCL_6110	SK-MEL-209	Cell Line	https://bioregistry.io/rrid:CVCL_6110	tool
rrid:AB_1849830	Neurofibromin 1 Antibody (McNFn27a) [DyLight 488]	Antibody	https://bioregistry.io/rrid:AB_1849830	tool
Nf1flox/flox; NG2-Cre	Nf1flox/flox; NG2-Cre	Animal Model		tool
rrid:CVCL_6037	SK-MEL-40	Cell Line	https://bioregistry.io/rrid:CVCL_6037	tool
rrid:CVCL_0026	Capan-2	Cell Line	https://bioregistry.io/rrid:CVCL_0026	tool
rrid:CVCL_1635	Panc 03.27	Cell Line	https://bioregistry.io/rrid:CVCL_1635	tool
rrid:CVCL_9Z88	GM09641	Cell Line	https://bioregistry.io/rrid:CVCL_9Z88	tool
rrid:CVCL_0546	SW480	Cell Line	https://bioregistry.io/rrid:CVCL_0546	tool
rrid:AB_2499330	Anti-NF1 (aa 2719-2818) polyclonal antibody	Antibody	https://bioregistry.io/rrid:AB_2499330	tool
rrid:AB_10822669	Neurofibromin 1 antibody (N-Term)	Antibody	https://bioregistry.io/rrid:AB_10822669	tool
ELK-TAD Luciferase Reporter HEK293 Stable	ELK-TAD Luciferase Reporter HEK293 Stable	Cell Line		tool
Nf1flox/flox	Nf1flox/flox	Animal Model		tool
rrid:CVCL_K013	YULAPE	Cell Line	https://bioregistry.io/rrid:CVCL_K013	tool
Dhh-Cre; Nf1flox/+; Ptenflox/flox	Dhh-Cre; Nf1flox/+; Ptenflox/flox	Animal Model		tool
rrid:CVCL_6074	SK-MEL-113	Cell Line	https://bioregistry.io/rrid:CVCL_6074	tool
rrid:CVCL_C2NV	CPTC-NF1-2	Cell Line	https://bioregistry.io/rrid:CVCL_C2NV	tool
rrid:Addgene_83179	Hs.NRAS Q61R	Genetic Reagent	https://bioregistry.io/rrid:Addgene_83179	tool
rrid:CVCL_YU14	NCC-MPNST3-C1	Cell Line	https://bioregistry.io/rrid:CVCL_YU14	tool
Nf1P1 Drosophila	Nf1P1 Drosophila	Animal Model		tool
Nf1flox/flox;PostnCre(+)	Nf1flox/flox;PostnCre(+)	Animal Model		tool
rrid:CVCL_6133	SK-MEL-266	Cell Line	https://bioregistry.io/rrid:CVCL_6133	tool
Nf14F/4F; DhhCre	Nf14F/4F; DhhCre	Animal Model		tool
rrid:Addgene_119201	pAMP-CY1_NF1 T2 (+minintr, KDR)	Genetic Reagent	https://bioregistry.io/rrid:Addgene_119201	tool
rrid:CVCL_1T76	SK-MEL-427	Cell Line	https://bioregistry.io/rrid:CVCL_1T76	tool
rrid:AB_1156685	Anti-Human NF1 Monoclonal Antibody, Unconjugated, Clone 3F3	Antibody	https://bioregistry.io/rrid:AB_1156685	tool
rrid:CVCL_6116	SK-MEL-230	Cell Line	https://bioregistry.io/rrid:CVCL_6116	tool
rrid:CVCL_1T86	SK-MEL-446	Cell Line	https://bioregistry.io/rrid:CVCL_1T86	tool
HSC1λ	HSC1λ	Cell Line		tool
Cnp-EGFR (Pten-het/C-EGFR)	Cnp-EGFR (Pten-het/C-EGFR)	Animal Model		tool
rrid:CVCL_1T59	SK-MEL-313	Cell Line	https://bioregistry.io/rrid:CVCL_1T59	tool
rrid:AB_10554922	NF1 (phospho S2741) polyclonal antibody	Antibody	https://bioregistry.io/rrid:AB_10554922	tool
rrid:AB_1850579	Neurofibromin 1 Antibody (McNFn27a) [DyLight 550]	Antibody	https://bioregistry.io/rrid:AB_1850579	tool
Anti-NF1/PE-Cy3	Anti-NF1/PE-Cy3	Antibody		tool
Anti-phospho-NF1(Ser2817)/PE-Cy5.5	Anti-phospho-NF1(Ser2817)/PE-Cy5.5	Antibody		tool
rrid:CVCL_JG80	NF1	Cell Line	https://bioregistry.io/rrid:CVCL_JG80	tool
rrid:CVCL_0291	HCT 116	Cell Line	https://bioregistry.io/rrid:CVCL_0291	tool
pAV-NF1v3-shRNA	pAV-NF1v3-shRNA	Genetic Reagent		tool
Nf1-/-	Nf1-/-	Animal Model		tool
rrid:AB_477267	Monoclonal Anti-Neurofibromin antibody produced in mouse	Antibody	https://bioregistry.io/rrid:AB_477267	tool
rrid:AB_2235803	Rabbit anti Neurofibromin (Non-Phospho) antibody	Antibody	https://bioregistry.io/rrid:AB_2235803	tool
rrid:CVCL_6093	SK-MEL-178	Cell Line	https://bioregistry.io/rrid:CVCL_6093	tool
rrid:CVCL_0547	SW620	Cell Line	https://bioregistry.io/rrid:CVCL_0547	tool
rrid:CVCL_K164	sNF94.3	Cell Line	https://bioregistry.io/rrid:CVCL_K164	tool
rrid:Addgene_83183	Hs.HRAS G12D	Genetic Reagent	https://bioregistry.io/rrid:Addgene_83183	tool
rrid:Addgene_83184	Hs.HRAS G12V	Genetic Reagent	https://bioregistry.io/rrid:Addgene_83184	tool
rrid:CVCL_4717	PK-1	Cell Line	https://bioregistry.io/rrid:CVCL_4717	tool
rrid:AB_2505470	Anti-NF1 (internal region) polyclonal antibody	Antibody	https://bioregistry.io/rrid:AB_2505470	tool
pETNF1–333	pETNF1–333	Genetic Reagent		tool
Spred1-/-	Spred1-/-	Animal Model		tool
rrid:Addgene_83171	Hs.KRAS4a Q61L	Genetic Reagent	https://bioregistry.io/rrid:Addgene_83171	tool
rrid:CVCL_AA02	GM11602	Cell Line	https://bioregistry.io/rrid:CVCL_AA02	tool
H peptide antiserum	H peptide antiserum	Antibody		tool
rrid:AB_2149682	Neurofibromin 1 Antibody (McNFn27b) [HRP]	Antibody	https://bioregistry.io/rrid:AB_2149682	tool
Nf1flox/mut	Nf1flox/mut	Animal Model		tool
rrid:CVCL_A0XC	SHG-140	Cell Line	https://bioregistry.io/rrid:CVCL_A0XC	tool
rrid:CVCL_1508	NCI-H1944	Cell Line	https://bioregistry.io/rrid:CVCL_1508	tool
Nf1-/- skin-derived precursor cells	Nf1-/- skin-derived precursor cells	Cell Line		tool
rrid:CVCL_N114	GM09618	Cell Line	https://bioregistry.io/rrid:CVCL_N114	tool
rrid:CVCL_B9V3	icNF97.2a	Cell Line	https://bioregistry.io/rrid:CVCL_B9V3	tool
rrid:CVCL_A1MF	MCRIi022-A	Cell Line	https://bioregistry.io/rrid:CVCL_A1MF	tool
rrid:CVCL_Y599	STR-I-437-NF1	Cell Line	https://bioregistry.io/rrid:CVCL_Y599	tool
HRAS (Homo sapiens) in pJP1520	HRAS (Homo sapiens) in pJP1520	Genetic Reagent		tool
129-Nf1<tm1Fcr>/Nci	129-Nf1<tm1Fcr>/Nci	Animal Model		tool
rrid:CVCL_1547	NCI-H23	Cell Line	https://bioregistry.io/rrid:CVCL_1547	tool
rrid:AB_1849282	Neurofibromin 1 Antibody (McNFn27b) [Biotin]	Antibody	https://bioregistry.io/rrid:AB_1849282	tool
rrid:CVCL_A5PP	PNET-1	Cell Line	https://bioregistry.io/rrid:CVCL_A5PP	tool
miR-155 +/-;Nf1flox/+;DhhCre	miR-155 +/-;Nf1flox/+;DhhCre	Animal Model		tool
rrid:CVCL_1219	FTC-133	Cell Line	https://bioregistry.io/rrid:CVCL_1219	tool
Nf1flox/-	Nf1flox/-	Animal Model		tool
rrid:CVCL_9Z96	GM09690	Cell Line	https://bioregistry.io/rrid:CVCL_9Z96	tool
rrid:CVCL_1U06	SK-MEL-529	Cell Line	https://bioregistry.io/rrid:CVCL_1U06	tool
NF1 antibody	NF1 antibody	Antibody		tool
Mouse Anti-NF1 Recombinant Antibody (clone 36C6)	Mouse Anti-NF1 Recombinant Antibody (clone 36C6)	Antibody		tool
rrid:CVCL_9Z78	GM09631	Cell Line	https://bioregistry.io/rrid:CVCL_9Z78	tool
rrid:CVCL_A257	KCL024	Cell Line	https://bioregistry.io/rrid:CVCL_A257	tool
ScienCell Schwann cells	ScienCell Schwann cells	Cell Line		tool
rrid:CVCL_Y373	Lis47_NF1_2N	Cell Line	https://bioregistry.io/rrid:CVCL_Y373	tool
rrid:CVCL_B9V6	cNF98.4d	Cell Line	https://bioregistry.io/rrid:CVCL_B9V6	tool
rrid:CVCL_1150	CTV-1	Cell Line	https://bioregistry.io/rrid:CVCL_1150	tool
rrid:CVCL_UI67	hTERT NF1 ipNF95.11b C	Cell Line	https://bioregistry.io/rrid:CVCL_UI67	tool
rrid:CVCL_ZE77	FU-SFT8710	Cell Line	https://bioregistry.io/rrid:CVCL_ZE77	tool
rrid:CVCL_6156	SK-MEL-334	Cell Line	https://bioregistry.io/rrid:CVCL_6156	tool
rrid:AB_2798543	Neurofibromin 1 (D7R7D) Rabbit mAb antibody	Antibody	https://bioregistry.io/rrid:AB_2798543	tool
rrid:CVCL_6149	SK-MEL-306	Cell Line	https://bioregistry.io/rrid:CVCL_6149	tool
rrid:Addgene_83134	Hs.KRAS4b Q61L	Genetic Reagent	https://bioregistry.io/rrid:Addgene_83134	tool
rrid:CVCL_1T96	SK-MEL-479	Cell Line	https://bioregistry.io/rrid:CVCL_1T96	tool
rrid:Addgene_83154	Hs.KRAS4b K147L	Genetic Reagent	https://bioregistry.io/rrid:Addgene_83154	tool
rrid:CVCL_UI74	hTERT NF1 ipn06.2 A	Cell Line	https://bioregistry.io/rrid:CVCL_UI74	tool
PlpCreERT; Nf1flox/flox; eGFP	PlpCreERT; Nf1flox/flox; eGFP	Animal Model		tool
rrid:CVCL_0545	SW403	Cell Line	https://bioregistry.io/rrid:CVCL_0545	tool
rrid:CVCL_B8LD	Abcam HCT 116 NF1 KO	Cell Line	https://bioregistry.io/rrid:CVCL_B8LD	tool
rrid:CVCL_EI23	YUPOM	Cell Line	https://bioregistry.io/rrid:CVCL_EI23	tool
rrid:Addgene_83187	Hs.HRAS Q61K	Genetic Reagent	https://bioregistry.io/rrid:Addgene_83187	tool
rrid:CVCL_1T74	SK-MEL-423B	Cell Line	https://bioregistry.io/rrid:CVCL_1T74	tool
Nf1 GEM	Nf1 GEM	Animal Model		tool
rrid:CVCL_1R95	GM10501	Cell Line	https://bioregistry.io/rrid:CVCL_1R95	tool
NF-1 Antibody (A-12)	NF-1 Antibody (A-12)	Antibody		tool
rrid:CVCL_3005	KP-3	Cell Line	https://bioregistry.io/rrid:CVCL_3005	tool
Nf1+/-	Nf1+/-	Animal Model		tool
rrid:CVCL_6082	SK-MEL-133	Cell Line	https://bioregistry.io/rrid:CVCL_6082	tool
129T2/SvEmsJ::C57Bl/6NTac Nf1+/+	129T2/SvEmsJ::C57Bl/6NTac Nf1+/+	Animal Model		tool
rrid:CVCL_K007	YUDUTY	Cell Line	https://bioregistry.io/rrid:CVCL_K007	tool
rrid:CVCL_6032	SK-MEL-32	Cell Line	https://bioregistry.io/rrid:CVCL_6032	tool
rrid:CVCL_6143	SK-MEL-282	Cell Line	https://bioregistry.io/rrid:CVCL_6143	tool
rrid:CVCL_6075	SK-MEL-117	Cell Line	https://bioregistry.io/rrid:CVCL_6075	tool
Anti-phospho-NF1(Ser2817)/PE-Cy5	Anti-phospho-NF1(Ser2817)/PE-Cy5	Antibody		tool
rrid:CVCL_3143	QGP-1	Cell Line	https://bioregistry.io/rrid:CVCL_3143	tool
Rabbit Anti-NF1 Antibody	Rabbit Anti-NF1 Antibody	Antibody		tool
CPTC-NF1-2	CPTC-NF1-2	Antibody		tool
rrid:CVCL_5M68	GM01639	Cell Line	https://bioregistry.io/rrid:CVCL_5M68	tool
rrid:CVCL_6134	SK-MEL-267	Cell Line	https://bioregistry.io/rrid:CVCL_6134	tool
rrid:CVCL_1638	Panc 08.13	Cell Line	https://bioregistry.io/rrid:CVCL_1638	tool
rrid:CVCL_J066	YUCOT	Cell Line	https://bioregistry.io/rrid:CVCL_J066	tool
rrid:AB_2880818	Neurofibromin 1 antibody	Antibody	https://bioregistry.io/rrid:AB_2880818	tool
rrid:CVCL_6135	SK-MEL-268	Cell Line	https://bioregistry.io/rrid:CVCL_6135	tool
rrid:CVCL_A3UH	HPS1317	Cell Line	https://bioregistry.io/rrid:CVCL_A3UH	tool
Prx1-Cre+/- Nf1flox/+	Prx1-Cre+/- Nf1flox/+	Animal Model		tool
rrid:CVCL_6119	SK-MEL-234	Cell Line	https://bioregistry.io/rrid:CVCL_6119	tool
Mouse Anti-NF1 Recombinant Antibody (10H20)	Mouse Anti-NF1 Recombinant Antibody (10H20)	Antibody		tool
rrid:CVCL_L810	NMS-2PC	Cell Line	https://bioregistry.io/rrid:CVCL_L810	tool
rrid:CVCL_6141	SK-MEL-279	Cell Line	https://bioregistry.io/rrid:CVCL_6141	tool
Anti-phospho-NF1(Ser2817)/Cy5.5	Anti-phospho-NF1(Ser2817)/Cy5.5	Antibody		tool
rrid:CVCL_0608	Calu-1	Cell Line	https://bioregistry.io/rrid:CVCL_0608	tool
rrid:CVCL_UR35	U-87MG ATCC IDH1 p.R132H-Luc2	Cell Line	https://bioregistry.io/rrid:CVCL_UR35	tool
rrid:CVCL_1U01	SK-MEL-506	Cell Line	https://bioregistry.io/rrid:CVCL_1U01	tool
rrid:CVCL_6154	SK-MEL-326	Cell Line	https://bioregistry.io/rrid:CVCL_6154	tool
rrid:Addgene_83160	Hs.KRAS4b M72C	Genetic Reagent	https://bioregistry.io/rrid:Addgene_83160	tool
rrid:CVCL_H658	Mes-9	Cell Line	https://bioregistry.io/rrid:CVCL_H658	tool
rrid:CVCL_VV72	MUG-Mel1	Cell Line	https://bioregistry.io/rrid:CVCL_VV72	tool
rrid:CVCL_1636	Panc 04.03	Cell Line	https://bioregistry.io/rrid:CVCL_1636	tool
HEK293 NF1 -/- with R1947X mNf1 cDNA	HEK293 NF1 -/- with R1947X mNf1 cDNA	Cell Line		tool
rrid:CVCL_RS22	GI-ME-NrCDDP500	Cell Line	https://bioregistry.io/rrid:CVCL_RS22	tool
rrid:AB_2792847	NF1 Polyclonal Antibody	Antibody	https://bioregistry.io/rrid:AB_2792847	tool
rrid:Addgene_83150	Hs.KRAS4b A146T	Genetic Reagent	https://bioregistry.io/rrid:Addgene_83150	tool
rrid:AB_628009	Neurofibromin (McNFn27b) antibody	Antibody	https://bioregistry.io/rrid:AB_628009	tool
rrid:CVCL_1720	SW1573	Cell Line	https://bioregistry.io/rrid:CVCL_1720	tool
rrid:CVCL_G332	YUSIV	Cell Line	https://bioregistry.io/rrid:CVCL_G332	tool
Neurofibromin CRISPR Plasmids (m)	Neurofibromin CRISPR Plasmids (m)	Genetic Reagent		tool
rrid:AB_2149667	Rabbit anti Neurofibromin antibody	Antibody	https://bioregistry.io/rrid:AB_2149667	tool
rrid:CVCL_UI65	hTERT ipn02.8	Cell Line	https://bioregistry.io/rrid:CVCL_UI65	tool
rrid:CVCL_A3UE	HPS1314	Cell Line	https://bioregistry.io/rrid:CVCL_A3UE	tool
rrid:CVCL_B9NJ	Abcam A-549 NF1 KO	Cell Line	https://bioregistry.io/rrid:CVCL_B9NJ	tool
rrid:CVCL_B565	RG-138	Cell Line	https://bioregistry.io/rrid:CVCL_B565	tool
Nf1-/+;Trp53-/+cis	Nf1-/+;Trp53-/+cis	Animal Model		tool
rrid:CVCL_K009	YUGANK	Cell Line	https://bioregistry.io/rrid:CVCL_K009	tool
rrid:CVCL_0243	DAN-G	Cell Line	https://bioregistry.io/rrid:CVCL_0243	tool
rrid:CVCL_UI68	hTERT NF1 ipNF95.11b C/T	Cell Line	https://bioregistry.io/rrid:CVCL_UI68	tool
rrid:CVCL_Y368	Lis42_NF1_1N	Cell Line	https://bioregistry.io/rrid:CVCL_Y368	tool
rrid:CVCL_1U02	SK-MEL-507	Cell Line	https://bioregistry.io/rrid:CVCL_1U02	tool
Rabbit Anti-Human Neurofibromin / NF1 (Internal)	Rabbit Anti-Human Neurofibromin / NF1 (Internal)	Antibody		tool
rrid:Addgene_19993	pGBT9-NF1-GRD	Genetic Reagent	https://bioregistry.io/rrid:Addgene_19993	tool
rrid:Addgene_83137	Hs.KRAS4b S181D	Genetic Reagent	https://bioregistry.io/rrid:Addgene_83137	tool
rrid:CVCL_D3C8	icNF18.1a	Cell Line	https://bioregistry.io/rrid:CVCL_D3C8	tool
Neurofibromin Antibody / NF1 [clone 4C6F10]	Neurofibromin Antibody / NF1 [clone 4C6F10]	Antibody		tool
HEK293 NF1 -/- with WT mNf1 cDNA	HEK293 NF1 -/- with WT mNf1 cDNA	Cell Line		tool
rrid:CVCL_1376	LCLC-97TM1	Cell Line	https://bioregistry.io/rrid:CVCL_1376	tool
rrid:AB_1849828	Neurofibromin 1 Antibody (McNFn27b) [DyLight 488]	Antibody	https://bioregistry.io/rrid:AB_1849828	tool
Dhh-Cre; Ptenflox/+	Dhh-Cre; Ptenflox/+	Animal Model		tool
rrid:CVCL_6147	SK-MEL-301	Cell Line	https://bioregistry.io/rrid:CVCL_6147	tool
rrid:CVCL_K022	YUSARI	Cell Line	https://bioregistry.io/rrid:CVCL_K022	tool
rrid:CVCL_UP04	HPS2250	Cell Line	https://bioregistry.io/rrid:CVCL_UP04	tool
rrid:Addgene_83165	Hs.KRAS4b G12D/C185S	Genetic Reagent	https://bioregistry.io/rrid:Addgene_83165	tool
rrid:CVCL_JK02	S462.TY	Cell Line	https://bioregistry.io/rrid:CVCL_JK02	tool
rrid:Addgene_83133	Hs.KRAS4b G13D	Genetic Reagent	https://bioregistry.io/rrid:Addgene_83133	tool
rrid:CVCL_1561	NCI-H441	Cell Line	https://bioregistry.io/rrid:CVCL_1561	tool
BTSC 233	BTSC 233	Cell Line		tool
anti-NFI(CI)	anti-NFI(CI)	Antibody		tool
rrid:CVCL_B9UZ	cNF00.10a	Cell Line	https://bioregistry.io/rrid:CVCL_B9UZ	tool
rrid:CVCL_6076	SK-MEL-118	Cell Line	https://bioregistry.io/rrid:CVCL_6076	tool
rrid:CVCL_A745	YUMAC	Cell Line	https://bioregistry.io/rrid:CVCL_A745	tool
rrid:CVCL_UN14	5PNF_TDiPSsv_PM_6	Cell Line	https://bioregistry.io/rrid:CVCL_UN14	tool
rrid:CVCL_B567	RG-140	Cell Line	https://bioregistry.io/rrid:CVCL_B567	tool
rrid:CVCL_UI78	hTERT NF1 ipNF04.4	Cell Line	https://bioregistry.io/rrid:CVCL_UI78	tool
rrid:CVCL_6136	SK-MEL-269	Cell Line	https://bioregistry.io/rrid:CVCL_6136	tool
rrid:Addgene_83186	Hs.HRAS Q61L	Genetic Reagent	https://bioregistry.io/rrid:Addgene_83186	tool
rrid:CVCL_B6ZD	ZX2021H	Cell Line	https://bioregistry.io/rrid:CVCL_B6ZD	tool
rrid:CVCL_9Z61	GM03420	Cell Line	https://bioregistry.io/rrid:CVCL_9Z61	tool
rrid:AB_2886566	Neurofibromin antibody	Antibody	https://bioregistry.io/rrid:AB_2886566	tool
Nf1flox/flox;Cx3cr1+/gfp	Nf1flox/flox;Cx3cr1+/gfp	Animal Model		tool
rrid:CVCL_8815	SJNB-16	Cell Line	https://bioregistry.io/rrid:CVCL_8815	tool
rrid:CVCL_D771	SK-MEL-321A	Cell Line	https://bioregistry.io/rrid:CVCL_D771	tool
rrid:CVCL_6034	SK-MEL-35	Cell Line	https://bioregistry.io/rrid:CVCL_6034	tool
rrid:CVCL_5058	SNU-407	Cell Line	https://bioregistry.io/rrid:CVCL_5058	tool
rrid:Addgene_83189	Hs.HRAS C186S	Genetic Reagent	https://bioregistry.io/rrid:Addgene_83189	tool
rrid:CVCL_EI15	YUCYLO	Cell Line	https://bioregistry.io/rrid:CVCL_EI15	tool
rrid:CVCL_1386	LS513	Cell Line	https://bioregistry.io/rrid:CVCL_1386	tool
rrid:CVCL_6227	SK-MEL-90	Cell Line	https://bioregistry.io/rrid:CVCL_6227	tool
rrid:AB_1678454	Mouse Anti-NF1 Monoclonal Antibody, Unconjugated, Clone McNFn27	Antibody	https://bioregistry.io/rrid:AB_1678454	tool
rrid:CVCL_9Z59	GM01859	Cell Line	https://bioregistry.io/rrid:CVCL_9Z59	tool
rrid:CVCL_ZV44	UCD65	Cell Line	https://bioregistry.io/rrid:CVCL_ZV44	tool
rrid:CVCL_VV73	MUG-Mel1 clone C8	Cell Line	https://bioregistry.io/rrid:CVCL_VV73	tool
rrid:AB_10554923	NF1 polyclonal antibody 	Antibody	https://bioregistry.io/rrid:AB_10554923	tool
rrid:CVCL_6085	SK-MEL-146	Cell Line	https://bioregistry.io/rrid:CVCL_6085	tool
rrid:CVCL_A3RN	HPS2253	Cell Line	https://bioregistry.io/rrid:CVCL_A3RN	tool
rrid:CVCL_YU12	NCC-MPNST1-C1	Cell Line	https://bioregistry.io/rrid:CVCL_YU12	tool
rrid:CVCL_0292	HCT 15	Cell Line	https://bioregistry.io/rrid:CVCL_0292	tool
NF1C-FiPS-SV4F7	NF1C-FiPS-SV4F7	Cell Line		tool
miR-155 +/-;Nf1flox/+	miR-155 +/-;Nf1flox/+	Animal Model		tool
rrid:CVCL_8478	10/9CRC1	Cell Line	https://bioregistry.io/rrid:CVCL_8478	tool
